Region,Prefecture,City,Link,Description,Rating,Visits,Recommendation
Hokkaido,Cities and Resort Towns,Niseko,https://www.japan-guide.com/e/e6720.html,Leading snow resort with lots of powder snow.,4.1,373,Recommended
Hokkaido,Cities and Resort Towns,Sapporo,https://www.japan-guide.com/e/e2163.html,The largest city on the island of Hokkaido.,4.0,"2,572",Recommended
Hokkaido,Cities and Resort Towns,Furano,https://www.japan-guide.com/e/e6825.html,Towns with beautiful lavender and flower fields.,4.0,886,Recommended
Hokkaido,Cities and Resort Towns,Noboribetsu,https://www.japan-guide.com/e/e6750.html,Hokkaido's most famous hot spring resort.,4.0,619,Recommended
Hokkaido,Cities and Resort Towns,Hakodate,https://www.japan-guide.com/e/e5350.html,Southernmost city on Hokkaido.,3.9,"1,408",Recommended
Hokkaido,Cities and Resort Towns,Otaru,https://www.japan-guide.com/e/e6700.html,Harbor city near Sapporo with a canal.,3.9,"1,421",Recommended
Hokkaido,Cities and Resort Towns,Matsumae,https://www.japan-guide.com/e/e5380.html,The only former castle town on Hokkaido.,3.6,39,
Hokkaido,Cities and Resort Towns,Asahikawa,https://www.japan-guide.com/e/e6890.html,City in central Hokkaido famous for its zoo.,3.5,638,
Hokkaido,Cities and Resort Towns,Rusutsu,https://www.japan-guide.com/e/e6715.html,Attractive ski resort near Niseko.,3.4,146,
Hokkaido,Cities and Resort Towns,Jozankei Onsen,https://www.japan-guide.com/e/e6745.html,Hot spring resort in the mountains outside central Sapporo.,3.4,204,
Hokkaido,Cities and Resort Towns,Tomamu,https://www.japan-guide.com/e/e6845.html,Large ski resort in central Hokkaido.,3.3,58,
Hokkaido,Cities and Resort Towns,Kushiro,https://www.japan-guide.com/e/e6790.html,City in eastern Hokkaido near a large marshland,3.2,337,
Hokkaido,Cities and Resort Towns,Abashiri,https://www.japan-guide.com/e/e6865.html,Known for its prison and drift ice in winter.,3.0,500,
Hokkaido,Cities and Resort Towns,Kiroro Ski Resort,https://www.japan-guide.com/e/e6716.html,Ski resort between Sapporo and Niseko.,NA,4,
Hokkaido,National Parks,Shiretoko,https://www.japan-guide.com/e/e6850.html,National park on an unspoiled peninsula.,4.3,360,Highly Recommended
Hokkaido,National Parks,Rishiri and Rebun,https://www.japan-guide.com/e/e6875.html,Small islands near Hokkaido's northern tip.,4.3,115,Highly Recommended
Hokkaido,National Parks,Daisetsuzan,https://www.japan-guide.com/e/e6775.html,Hokkaido's largest and wildest national park.,4.1,363,Highly Recommended
Hokkaido,National Parks,Onuma Park,https://www.japan-guide.com/e/e5356.html,National park 20 kilometers north of Hakodate.,3.8,147,Recommended
Hokkaido,National Parks,Akan Mashu National Park,https://www.japan-guide.com/e/e6800.html,National park with beautiful lakes.,3.7,511,Recommended
Hokkaido,National Parks,Lake Toya,https://www.japan-guide.com/e/e6725.html,"Site of Mount Usu, an active volcano.",3.6,437,Recommended
Hokkaido,National Parks,Lake Shikotsu,https://www.japan-guide.com/e/e6736.html,Picturesque caldera lake near Sapporo.,3.4,188,Recommended
Hokkaido,National Parks,Kushiro Marshlands,https://www.japan-guide.com/e/e6792.html,Marshlands populated by Japanese cranes.,3.2,325,
Tohoku,Aomori,Towada,https://www.japan-guide.com/e/e3776.html,Caldera lake famous for autumn colors.,4.0,382,Recommended
Tohoku,Aomori,Shimokita Hanto,https://www.japan-guide.com/e/e3725.html,Remote peninsula famed for Fear Mountain.,3.9,153,Recommended
Tohoku,Aomori,Hirosaki,https://www.japan-guide.com/e/e3701.html,Former castle town in Northern Tohoku.,3.7,470,Recommended
Tohoku,Aomori,Shirakami Sanchi,https://www.japan-guide.com/e/e3790.html,Mountain range with virgin beech forests.,3.9,118,
Tohoku,Aomori,Aomori,https://www.japan-guide.com/e/e3750.html,City best known for its Nebuta Matsuri.,3.5,813,
Tohoku,Akita,Hachimantai,https://www.japan-guide.com/e/e3651.html,Mountainous region with rustic hot springs.,3.8,261,Recommended
Tohoku,Akita,Kakunodate,https://www.japan-guide.com/e/e3601.html,City with nicely preserved samurai district.,3.7,371,Recommended
Tohoku,Akita,Kamakura Festival,https://www.japan-guide.com/e/e3690.html,Festival in Yokote with lots of small snow houses.,3.6,40,
Tohoku,Akita,Akita,https://www.japan-guide.com/e/e3625.html,Prefectural capital best known for its festival.,3.2,576,
Tohoku,Iwate,Sanriku Coast,https://www.japan-guide.com/e/e5025.html,Pacific coastline that was hit by the 2011 tsunami.,4.0,200,Recommended
Tohoku,Iwate,Hiraizumi,https://www.japan-guide.com/e/e5000.html,Tohoku's former cultural and political capital.,3.9,468,Recommended
Tohoku,Iwate,Appi Kogen,https://www.japan-guide.com/e/e5095.html,Leading ski resort in the Tohoku Region.,3.5,39,Recommended
Tohoku,Iwate,Tono,https://www.japan-guide.com/e/e5060.html,Rural town known for its folktales and legends.,4.2,44,
Tohoku,Iwate,Kitakami,https://www.japan-guide.com/e/e5077.html,Popular cherry blossom spot in the Tohoku Region.,3.3,93,
Tohoku,Iwate,Morioka,https://www.japan-guide.com/e/e5050.html,Prefectural capital famous for noodle dishes.,3.0,204,
Tohoku,Yamagata,Yamadera,https://www.japan-guide.com/e/e7940.html,Scenic temple on a steep mountainside.,4.5,403,Highly Recommended
Tohoku,Yamagata,Dewa Sanzan,https://www.japan-guide.com/e/e7900.html,Three sacred mountains with shrines.,4.4,156,Highly Recommended
Tohoku,Yamagata,Ginzan Onsen,https://www.japan-guide.com/e/e7975.html,"One of Japan's nicest, old-fashioned onsen towns.",4.1,65,Recommended
Tohoku,Yamagata,Zao,https://www.japan-guide.com/e/e7925.html,Volcano with hot spring and ski resort.,3.9,455,Recommended
Tohoku,Yamagata,Kaminoyama Onsen,https://www.japan-guide.com/e/e7980.html,Onsen town with castle and fruit farms.,3.7,28,
Tohoku,Yamagata,Sakata,https://www.japan-guide.com/e/e7990.html,Commercial center at the Sea of Japan coast.,3.5,21,
Tohoku,Miyagi,Matsushima,https://www.japan-guide.com/e/e5100.html,Scenic bay dotted by pine clad islets.,4.0,931,Recommended
Tohoku,Miyagi,Naruko Gorge,https://www.japan-guide.com/e/e5177.html,Forested gorge famous for its autumn colors.,3.6,78,
Tohoku,Miyagi,Sendai,https://www.japan-guide.com/e/e5150.html,Largest city in the Tohoku Region.,3.5,"1,675",
Tohoku,Fukushima,Ouchijuku,https://www.japan-guide.com/e/e7710.html,Former post town along a trade route.,4.1,132,Recommended
Tohoku,Fukushima,Oze National Park,https://www.japan-guide.com/e/e7440.html,Popular hiking destination with a marshland.,3.9,191,Recommended
Tohoku,Fukushima,Aizu,https://www.japan-guide.com/e/e7700.html,Small city known for its samurai history.,3.7,660,Recommended
Tohoku,Fukushima,Bandai,https://www.japan-guide.com/e/e7750.html,Volcanic mountains with beautiful highlands.,3.4,206,Recommended
Tohoku,Fukushima,Fukushima,https://www.japan-guide.com/e/e7725.html,Prefectural capital with a few attractions.,3.3,274,
Tohoku,Fukushima,Iwaki,https://www.japan-guide.com/e/e7775.html,City famous for its Hawaiian water park resort.,2.7,141,
Kanto,Tokyo Metropolis,Tokyo,https://www.japan-guide.com/e/e2164.html,Japan's capital and largest city.,4.6,"12,216",Must Visit
Kanto,Tokyo Metropolis,Ogasawara Islands,https://www.japan-guide.com/e/e8200.html,Remote islands 1000 kilometers south of Tokyo.,4.5,53,Highly Recommended
Kanto,Tokyo Metropolis,Izu Oshima,https://www.japan-guide.com/e/e8252.html,The largest island among the Izu Islands.,3.8,122,
Kanto,Kanagawa,Kamakura,https://www.japan-guide.com/e/e2166.html,Small city full of historic treasures.,4.4,"4,277",Highly Recommended
Kanto,Kanagawa,Hakone,https://www.japan-guide.com/e/e5200.html,National park with views of Mount Fuji.,4.1,"3,428",Recommended
Kanto,Kanagawa,Yokohama,https://www.japan-guide.com/e/e2156.html,Japan's second largest city.,4.0,"4,779",Recommended
Kanto,Kanagawa,Kawasaki,https://www.japan-guide.com/e/e3250.html,Sandwiched between Tokyo and Yokohama.,2.8,642,
Kanto,Chiba,Boso Peninsula,https://www.japan-guide.com/e/e6430.html,Large peninsula southeast of Tokyo.,3.4,109,
Kanto,Chiba,Narita,https://www.japan-guide.com/e/e6400.html,Site of Tokyo's international airport.,2.9,"2,085",
Kanto,Saitama,Chichibu,https://www.japan-guide.com/e/e6550.html,Rural city known for its festival and shrines.,3.6,87,
Kanto,Saitama,Kawagoe,https://www.japan-guide.com/e/e6500.html,Former castle town known as the Little Edo.,3.4,"1,011",
Kanto,Saitama,Saitama,https://www.japan-guide.com/e/e6525.html,City north of Tokyo with a few places of interest.,3.0,711,
Kanto,Gunma,Kusatsu Onsen,https://www.japan-guide.com/e/e7400.html,One of Japan's best hot spring towns.,4.0,631,Recommended
Kanto,Gunma,Oze National Park,https://www.japan-guide.com/e/e7440.html,Popular hiking destination with a marshland.,3.9,191,Recommended
Kanto,Gunma,Manza Onsen,https://www.japan-guide.com/e/e7495.html,Hot spring resort with Japan's most sulfuric waters.,3.8,71,Recommended
Kanto,Gunma,Shima Onsen,https://www.japan-guide.com/e/e7435.html,Calm hot spring town in a mountain valley.,3.7,44,
Kanto,Gunma,Minakami,https://www.japan-guide.com/e/e7460.html,Popular hot spring and outdoor resort.,3.4,294,
Kanto,Gunma,Ikaho Onsen,https://www.japan-guide.com/e/e7475.html,Hot spring resort famous for its stone stairs.,3.3,358,
Kanto,Gunma,Tomioka,https://www.japan-guide.com/e/e7415.html,Site of a Japan's first modern silk factory.,3.1,56,
Kanto,Tochigi,Nikko,https://www.japan-guide.com/e/e3800.html,"Site of Nikko Toshogu, Ieyasu's mausoleum.",4.4,"3,329",Must Visit
Kanto,Tochigi,Nasu-Shiobara,https://www.japan-guide.com/e/e3840.html,Resort area with hiking trails and hot springs.,3.2,226,
Kanto,Tochigi,Kinugawa Onsen,https://www.japan-guide.com/e/e3875.html,Hot spring resort with theme parks near Nikko.,3.2,543,
Kanto,Tochigi,Utsunomiya,https://www.japan-guide.com/e/e3860.html,Prefectural capital of Tochigi Prefecture.,2.8,77,
Kanto,Ibaraki,Mito,https://www.japan-guide.com/e/e6200.html,Prefectural capital known for its nice garden.,3.2,265,
Kanto,Ibaraki,Ushiku Daibutsu,https://www.japan-guide.com/e/e6242.html,Japan's tallest bronze statue of Buddha,NA,14,
Kanto,Ibaraki,Fukuroda Falls,https://www.japan-guide.com/e/e6250.html,One of Japan's top three waterfalls.,NA,10,
Kanto,Tokyo Metropolis,Tokyo,https://www.japan-guide.com/e/e2164.html,Japan's capital and largest city.,4.6,"12,216",Must Visit
Kanto,Tokyo Metropolis,Ogasawara Islands,https://www.japan-guide.com/e/e8200.html,Remote islands 1000 kilometers south of Tokyo.,4.5,53,Highly Recommended
Kanto,Tokyo Metropolis,Izu Oshima,https://www.japan-guide.com/e/e8252.html,The largest island among the Izu Islands.,3.8,122,
Kanto,Kanagawa,Kamakura,https://www.japan-guide.com/e/e2166.html,Small city full of historic treasures.,4.4,"4,277",Highly Recommended
Kanto,Kanagawa,Hakone,https://www.japan-guide.com/e/e5200.html,National park with views of Mount Fuji.,4.1,"3,428",Recommended
Kanto,Kanagawa,Yokohama,https://www.japan-guide.com/e/e2156.html,Japan's second largest city.,4.0,"4,779",Recommended
Kanto,Kanagawa,Kawasaki,https://www.japan-guide.com/e/e3250.html,Sandwiched between Tokyo and Yokohama.,2.8,642,
Kanto,Chiba,Boso Peninsula,https://www.japan-guide.com/e/e6430.html,Large peninsula southeast of Tokyo.,3.4,109,
Kanto,Chiba,Narita,https://www.japan-guide.com/e/e6400.html,Site of Tokyo's international airport.,2.9,"2,085",
Kanto,Saitama,Chichibu,https://www.japan-guide.com/e/e6550.html,Rural city known for its festival and shrines.,3.6,87,
Kanto,Saitama,Kawagoe,https://www.japan-guide.com/e/e6500.html,Former castle town known as the Little Edo.,3.4,"1,011",
Kanto,Saitama,Saitama,https://www.japan-guide.com/e/e6525.html,City north of Tokyo with a few places of interest.,3.0,711,
Kanto,Gunma,Kusatsu Onsen,https://www.japan-guide.com/e/e7400.html,One of Japan's best hot spring towns.,4.0,631,Recommended
Kanto,Gunma,Oze National Park,https://www.japan-guide.com/e/e7440.html,Popular hiking destination with a marshland.,3.9,191,Recommended
Kanto,Gunma,Manza Onsen,https://www.japan-guide.com/e/e7495.html,Hot spring resort with Japan's most sulfuric waters.,3.8,71,Recommended
Kanto,Gunma,Shima Onsen,https://www.japan-guide.com/e/e7435.html,Calm hot spring town in a mountain valley.,3.7,44,
Kanto,Gunma,Minakami,https://www.japan-guide.com/e/e7460.html,Popular hot spring and outdoor resort.,3.4,294,
Kanto,Gunma,Ikaho Onsen,https://www.japan-guide.com/e/e7475.html,Hot spring resort famous for its stone stairs.,3.3,358,
Kanto,Gunma,Tomioka,https://www.japan-guide.com/e/e7415.html,Site of a Japan's first modern silk factory.,3.1,56,
Kanto,Tochigi,Nikko,https://www.japan-guide.com/e/e3800.html,"Site of Nikko Toshogu, Ieyasu's mausoleum.",4.4,"3,329",Must Visit
Kanto,Tochigi,Nasu-Shiobara,https://www.japan-guide.com/e/e3840.html,Resort area with hiking trails and hot springs.,3.2,226,
Kanto,Tochigi,Kinugawa Onsen,https://www.japan-guide.com/e/e3875.html,Hot spring resort with theme parks near Nikko.,3.2,543,
Kanto,Tochigi,Utsunomiya,https://www.japan-guide.com/e/e3860.html,Prefectural capital of Tochigi Prefecture.,2.8,77,
Kanto,Ibaraki,Mito,https://www.japan-guide.com/e/e6200.html,Prefectural capital known for its nice garden.,3.2,265,
Kanto,Ibaraki,Ushiku Daibutsu,https://www.japan-guide.com/e/e6242.html,Japan's tallest bronze statue of Buddha,NA,14,
Kanto,Ibaraki,Fukuroda Falls,https://www.japan-guide.com/e/e6250.html,One of Japan's top three waterfalls.,NA,10,
Chubu,Aichi,Nagoya,https://www.japan-guide.com/e/e2155.html,Japan's third largest economic center.,3.3,"3,561",Recommended
Chubu,Aichi,Inuyama,https://www.japan-guide.com/e/e3350.html,Former castle town north of Nagoya.,3.5,658,
Chubu,Shizuoka,Izu Peninsula,https://www.japan-guide.com/e/e6310.html,Hot springs and natural scenery.,3.8,"1,192",Recommended
Chubu,Shizuoka,Shizuoka,https://www.japan-guide.com/e/e6350.html,Prefectural capital with views of Mount Fuji.,3.3,739,
Chubu,Shizuoka,Fujinomiya,https://www.japan-guide.com/e/e6365.html,City at the southern base of Mount Fuji.,3.2,266,
Chubu,Shizuoka,Lake Hamanako,https://www.japan-guide.com/e/e6375.html,A seaside lake with hot spring baths.,2.6,493,
Chubu,Shizuoka,Kakegawa,https://www.japan-guide.com/e/e6340.html,Small city famous for tea.,NA,20,
Chubu,Gifu,Shirakawago & Gokayama,https://www.japan-guide.com/e/e5950.html,"Mountainous region, known for its farmhouses.",4.5,"1,067",Highly Recommended
Chubu,Gifu,Takayama,https://www.japan-guide.com/e/e5900.html,Preserves one of Japan's nicest old towns.,4.2,"1,703",Highly Recommended
Chubu,Gifu,Okuhida,https://www.japan-guide.com/e/e5940.html,Hot springs in the mountains above Takayama.,4.0,263,Recommended
Chubu,Gifu,Gujo-Hachiman,https://www.japan-guide.com/e/e5930.html,Small town in rural Japan with castle.,3.8,267,Recommended
Chubu,Gifu,Furukawa,https://www.japan-guide.com/e/e5975.html,Small town 15 minutes north of Takayama.,3.6,161,Recommended
Chubu,Gifu,Gero Onsen,https://www.japan-guide.com/e/e5990.html,Famous hot spring resort south of Takayama.,3.7,400,
Chubu,Niigata,Sado Island,https://www.japan-guide.com/e/e7675.html,Large island off the coast of Niigata.,3.9,243,Recommended
Chubu,Niigata,Yuzawa,https://www.japan-guide.com/e/e7690.html,One of Japan's leading ski resort towns.,3.6,344,Recommended
Chubu,Niigata,Echigo Tsumari,https://www.japan-guide.com/e/e7650.html,Idyllic countryside staging modern art.,3.5,86,Recommended
Chubu,Niigata,Myoko,https://www.japan-guide.com/e/e7642.html,Volcano with multiple ski areas along its slopes,NA,9,
Chubu,Nagano,Kamikochi,https://www.japan-guide.com/e/e6040.html,Popular mountain resort in the Japanese Alps.,4.4,530,Highly Recommended
Chubu,Nagano,Kiso Valley,https://www.japan-guide.com/e/e6075.html,Valley with nicely preserved post towns.,4.4,567,Highly Recommended
Chubu,Nagano,Yamanouchi,https://www.japan-guide.com/e/e6025.html,Home of hot spring bathing monkeys.,4.2,358,Highly Recommended
Chubu,Nagano,Matsumoto,https://www.japan-guide.com/e/e6050.html,City famous for its beautiful original castle.,3.8,"1,366",Recommended
Chubu,Nagano,Hakuba,https://www.japan-guide.com/e/e6090.html,One of Japan's best ski resorts.,3.7,660,Recommended
Chubu,Nagano,Nagano,https://www.japan-guide.com/e/e6000.html,Former olympic city famous for its temple.,3.5,"1,766",Recommended
Chubu,Nagano,Takato Castle Park,https://www.japan-guide.com/e/e6065.html,Castle ruins covered by cherry trees.,4.0,35,
Chubu,Nagano,Nozawa Onsen,https://www.japan-guide.com/destinations/nozawa-onsen/,Old fashioned hot spring and ski resort.,3.8,230,
Chubu,Nagano,Obuse,https://www.japan-guide.com/e/e6020.html,Pleasant town famous for chestnuts and Hokusai.,3.8,125,
Chubu,Nagano,Norikura,https://www.japan-guide.com/e/e6045.html,Mountain and highland in the Northern Japan Alps.,3.7,110,
Chubu,Nagano,Karuizawa,https://www.japan-guide.com/e/e6030.html,Upmarket mountain resort town.,3.5,915,
Chubu,Nagano,Bessho Onsen,https://www.japan-guide.com/e/e6070.html,Small hot spring town with beautiful temples.,3.4,107,
Chubu,Nagano,Togura Kamiyamada,https://www.japan-guide.com/e/e6071.html,Foreigner-friendly onsen town with historic fortress.,3.0,33,
Chubu,Yamanashi,Mount Fuji,https://www.japan-guide.com/e/e2172.html,The country's most iconic landmark.,4.5,"1,556",Must Visit
Chubu,Yamanashi,Fuji Five Lakes,https://www.japan-guide.com/e/e6900.html,Lake resort at the foot of Mount Fuji.,4.1,"2,720",Recommended
Chubu,Yamanashi,Kofu,https://www.japan-guide.com/e/e6950.html,Prefectural capital surrounded by vineyards.,2.9,185,
Chubu,Toyama,Alpine Route,https://www.japan-guide.com/e/e7550.html,Spectacular route through the Northern Alps.,4.5,442,Highly Recommended
Chubu,Toyama,Kurobe Gorge,https://www.japan-guide.com/e/e7575.html,Scenic gorge with a small sightseeing train.,4.2,207,Recommended
Chubu,Toyama,Takaoka,https://www.japan-guide.com/e/e7525.html,Famous for its bronze casting industry.,3.1,55,
Chubu,Toyama,Toyama,https://www.japan-guide.com/e/e7500.html,Capital city of Toyama Prefecture.,3.0,155,
Chubu,Ishikawa,Kanazawa,https://www.japan-guide.com/e/e2167.html,City rich in culture and history.,4.1,"2,030",Highly Recommended
Chubu,Ishikawa,Noto Peninsula,https://www.japan-guide.com/e/e4250.html,Rural peninsula with beautiful coastlines.,3.8,302,
Chubu,Ishikawa,Kaga Onsen,https://www.japan-guide.com/e/e4275.html,A collection of four historic hot spring towns.,3.4,217,
Chubu,Fukui,Fukui,https://www.japan-guide.com/e/e6600.html,Prefectural capital nearby Eiheiji Temple.,3.2,461,
Chubu,Fukui,Tsuruga,https://www.japan-guide.com/e/e6650.html,Mid-sized city with a prominent port.,NA,9,
Chubu,Aichi,Nagoya,https://www.japan-guide.com/e/e2155.html,Japan's third largest economic center.,3.3,"3,561",Recommended
Chubu,Aichi,Inuyama,https://www.japan-guide.com/e/e3350.html,Former castle town north of Nagoya.,3.5,658,
Chubu,Shizuoka,Izu Peninsula,https://www.japan-guide.com/e/e6310.html,Hot springs and natural scenery.,3.8,"1,192",Recommended
Chubu,Shizuoka,Shizuoka,https://www.japan-guide.com/e/e6350.html,Prefectural capital with views of Mount Fuji.,3.3,739,
Chubu,Shizuoka,Fujinomiya,https://www.japan-guide.com/e/e6365.html,City at the southern base of Mount Fuji.,3.2,266,
Chubu,Shizuoka,Lake Hamanako,https://www.japan-guide.com/e/e6375.html,A seaside lake with hot spring baths.,2.6,493,
Chubu,Shizuoka,Kakegawa,https://www.japan-guide.com/e/e6340.html,Small city famous for tea.,NA,20,
Chubu,Gifu,Shirakawago & Gokayama,https://www.japan-guide.com/e/e5950.html,"Mountainous region, known for its farmhouses.",4.5,"1,067",Highly Recommended
Chubu,Gifu,Takayama,https://www.japan-guide.com/e/e5900.html,Preserves one of Japan's nicest old towns.,4.2,"1,703",Highly Recommended
Chubu,Gifu,Okuhida,https://www.japan-guide.com/e/e5940.html,Hot springs in the mountains above Takayama.,4.0,263,Recommended
Chubu,Gifu,Gujo-Hachiman,https://www.japan-guide.com/e/e5930.html,Small town in rural Japan with castle.,3.8,267,Recommended
Chubu,Gifu,Furukawa,https://www.japan-guide.com/e/e5975.html,Small town 15 minutes north of Takayama.,3.6,161,Recommended
Chubu,Gifu,Gero Onsen,https://www.japan-guide.com/e/e5990.html,Famous hot spring resort south of Takayama.,3.7,400,
Chubu,Niigata,Sado Island,https://www.japan-guide.com/e/e7675.html,Large island off the coast of Niigata.,3.9,243,Recommended
Chubu,Niigata,Yuzawa,https://www.japan-guide.com/e/e7690.html,One of Japan's leading ski resort towns.,3.6,344,Recommended
Chubu,Niigata,Echigo Tsumari,https://www.japan-guide.com/e/e7650.html,Idyllic countryside staging modern art.,3.5,86,Recommended
Chubu,Niigata,Myoko,https://www.japan-guide.com/e/e7642.html,Volcano with multiple ski areas along its slopes,NA,9,
Chubu,Nagano,Kamikochi,https://www.japan-guide.com/e/e6040.html,Popular mountain resort in the Japanese Alps.,4.4,530,Highly Recommended
Chubu,Nagano,Kiso Valley,https://www.japan-guide.com/e/e6075.html,Valley with nicely preserved post towns.,4.4,567,Highly Recommended
Chubu,Nagano,Yamanouchi,https://www.japan-guide.com/e/e6025.html,Home of hot spring bathing monkeys.,4.2,358,Highly Recommended
Chubu,Nagano,Matsumoto,https://www.japan-guide.com/e/e6050.html,City famous for its beautiful original castle.,3.8,"1,366",Recommended
Chubu,Nagano,Hakuba,https://www.japan-guide.com/e/e6090.html,One of Japan's best ski resorts.,3.7,660,Recommended
Chubu,Nagano,Nagano,https://www.japan-guide.com/e/e6000.html,Former olympic city famous for its temple.,3.5,"1,766",Recommended
Chubu,Nagano,Takato Castle Park,https://www.japan-guide.com/e/e6065.html,Castle ruins covered by cherry trees.,4.0,35,
Chubu,Nagano,Nozawa Onsen,https://www.japan-guide.com/destinations/nozawa-onsen/,Old fashioned hot spring and ski resort.,3.8,230,
Chubu,Nagano,Obuse,https://www.japan-guide.com/e/e6020.html,Pleasant town famous for chestnuts and Hokusai.,3.8,125,
Chubu,Nagano,Norikura,https://www.japan-guide.com/e/e6045.html,Mountain and highland in the Northern Japan Alps.,3.7,110,
Chubu,Nagano,Karuizawa,https://www.japan-guide.com/e/e6030.html,Upmarket mountain resort town.,3.5,915,
Chubu,Nagano,Bessho Onsen,https://www.japan-guide.com/e/e6070.html,Small hot spring town with beautiful temples.,3.4,107,
Chubu,Nagano,Togura Kamiyamada,https://www.japan-guide.com/e/e6071.html,Foreigner-friendly onsen town with historic fortress.,3.0,33,
Chubu,Yamanashi,Mount Fuji,https://www.japan-guide.com/e/e2172.html,The country's most iconic landmark.,4.5,"1,556",Must Visit
Chubu,Yamanashi,Fuji Five Lakes,https://www.japan-guide.com/e/e6900.html,Lake resort at the foot of Mount Fuji.,4.1,"2,720",Recommended
Chubu,Yamanashi,Kofu,https://www.japan-guide.com/e/e6950.html,Prefectural capital surrounded by vineyards.,2.9,185,
Chubu,Toyama,Alpine Route,https://www.japan-guide.com/e/e7550.html,Spectacular route through the Northern Alps.,4.5,442,Highly Recommended
Chubu,Toyama,Kurobe Gorge,https://www.japan-guide.com/e/e7575.html,Scenic gorge with a small sightseeing train.,4.2,207,Recommended
Chubu,Toyama,Takaoka,https://www.japan-guide.com/e/e7525.html,Famous for its bronze casting industry.,3.1,55,
Chubu,Toyama,Toyama,https://www.japan-guide.com/e/e7500.html,Capital city of Toyama Prefecture.,3.0,155,
Chubu,Ishikawa,Kanazawa,https://www.japan-guide.com/e/e2167.html,City rich in culture and history.,4.1,"2,030",Highly Recommended
Chubu,Ishikawa,Noto Peninsula,https://www.japan-guide.com/e/e4250.html,Rural peninsula with beautiful coastlines.,3.8,302,
Chubu,Ishikawa,Kaga Onsen,https://www.japan-guide.com/e/e4275.html,A collection of four historic hot spring towns.,3.4,217,
Chubu,Fukui,Fukui,https://www.japan-guide.com/e/e6600.html,Prefectural capital nearby Eiheiji Temple.,3.2,461,
Chubu,Fukui,Tsuruga,https://www.japan-guide.com/e/e6650.html,Mid-sized city with a prominent port.,NA,9,
Kansai,Kyoto,Kyoto,https://www.japan-guide.com/e/e2158.html,For over 1000 years the capital of Japan.,4.8,"9,699",Must Visit
Kansai,Kyoto,Uji,https://www.japan-guide.com/e/e3975.html,City south of Kyoto known for its temple and tea.,4.0,"1,455",Recommended
Kansai,Kyoto,Amanohashidate,https://www.japan-guide.com/e/e3990.html,One of Japan's three most scenic views.,3.9,593,Recommended
Kansai,Kyoto,Miyama,https://www.japan-guide.com/e/e3985.html,Rural town with lots of thatched roof houses.,4.0,42,
Kansai,Osaka,Osaka,https://www.japan-guide.com/e/e2157.html,Largest city of the Kinki Region.,4.1,"7,535",Highly Recommended
Kansai,Nara,Nara,https://www.japan-guide.com/e/e2165.html,Japan's first permanent capital.,4.4,"5,928",Must Visit
Kansai,Nara,Yoshino,https://www.japan-guide.com/e/e4150.html,Japan's most famous cherry blossom spot.,4.1,370,Recommended
Kansai,Nara,Asuka and Sakurai,https://www.japan-guide.com/e/e4175.html,The cradle of Japanese civilization.,3.7,421,
Kansai,Hyogo,Kinosaki,https://www.japan-guide.com/e/e3525.html,"Pleasant, old-fashioned hot spring resort.",4.1,502,Highly Recommended
Kansai,Hyogo,Himeji,https://www.japan-guide.com/e/e3500.html,Site of Japan's most beautiful feudal castle.,4.1,"3,022",Highly Recommended
Kansai,Hyogo,Takeda Castle Ruins,https://www.japan-guide.com/e/e3592.html,Hilltop castle ruins sometimes floating on a sea of clouds.,4.4,32,Recommended
Kansai,Hyogo,Kobe,https://www.japan-guide.com/e/e2159.html,"Harbor city, recovered from 1995 earthquake.",3.8,"3,619",Recommended
Kansai,Shiga,Omi Hachiman,https://www.japan-guide.com/e/e7075.html,Former merchant town with pretty canal,3.8,34,Recommended
Kansai,Shiga,Hikone,https://www.japan-guide.com/e/e7000.html,Castle town at the shores of Lake Biwa.,3.6,762,
Kansai,Shiga,Koka,https://www.japan-guide.com/e/e7025.html,Rural city known as a homeland of the ninja.,3.1,136,
Kansai,Wakayama,Mount Koya,https://www.japan-guide.com/e/e4900.html,Atmospheric temple mountain.,4.6,"1,109",Must Visit
Kansai,Wakayama,Kumano,https://www.japan-guide.com/e/e4950.html,Pilgrimage destination on the Kii Peninsula.,4.2,395,Recommended
Kansai,Mie,Ise Shima,https://www.japan-guide.com/e/e4310.html,Site of Japan's most sacred Shinto shrines.,3.8,"1,390",Highly Recommended
Kansai,Mie,Iga Ueno,https://www.japan-guide.com/e/e4350.html,Former castle town famous for ninja.,3.4,606,Recommended
Kansai,Kyoto,Kyoto,https://www.japan-guide.com/e/e2158.html,For over 1000 years the capital of Japan.,4.8,"9,699",Must Visit
Kansai,Kyoto,Uji,https://www.japan-guide.com/e/e3975.html,City south of Kyoto known for its temple and tea.,4.0,"1,455",Recommended
Kansai,Kyoto,Amanohashidate,https://www.japan-guide.com/e/e3990.html,One of Japan's three most scenic views.,3.9,593,Recommended
Kansai,Kyoto,Miyama,https://www.japan-guide.com/e/e3985.html,Rural town with lots of thatched roof houses.,4.0,42,
Kansai,Osaka,Osaka,https://www.japan-guide.com/e/e2157.html,Largest city of the Kinki Region.,4.1,"7,535",Highly Recommended
Kansai,Nara,Nara,https://www.japan-guide.com/e/e2165.html,Japan's first permanent capital.,4.4,"5,928",Must Visit
Kansai,Nara,Yoshino,https://www.japan-guide.com/e/e4150.html,Japan's most famous cherry blossom spot.,4.1,370,Recommended
Kansai,Nara,Asuka and Sakurai,https://www.japan-guide.com/e/e4175.html,The cradle of Japanese civilization.,3.7,421,
Kansai,Hyogo,Kinosaki,https://www.japan-guide.com/e/e3525.html,"Pleasant, old-fashioned hot spring resort.",4.1,502,Highly Recommended
Kansai,Hyogo,Himeji,https://www.japan-guide.com/e/e3500.html,Site of Japan's most beautiful feudal castle.,4.1,"3,022",Highly Recommended
Kansai,Hyogo,Takeda Castle Ruins,https://www.japan-guide.com/e/e3592.html,Hilltop castle ruins sometimes floating on a sea of clouds.,4.4,32,Recommended
Kansai,Hyogo,Kobe,https://www.japan-guide.com/e/e2159.html,"Harbor city, recovered from 1995 earthquake.",3.8,"3,619",Recommended
Kansai,Shiga,Omi Hachiman,https://www.japan-guide.com/e/e7075.html,Former merchant town with pretty canal,3.8,34,Recommended
Kansai,Shiga,Hikone,https://www.japan-guide.com/e/e7000.html,Castle town at the shores of Lake Biwa.,3.6,762,
Kansai,Shiga,Koka,https://www.japan-guide.com/e/e7025.html,Rural city known as a homeland of the ninja.,3.1,136,
Kansai,Wakayama,Mount Koya,https://www.japan-guide.com/e/e4900.html,Atmospheric temple mountain.,4.6,"1,109",Must Visit
Kansai,Wakayama,Kumano,https://www.japan-guide.com/e/e4950.html,Pilgrimage destination on the Kii Peninsula.,4.2,395,Recommended
Kansai,Mie,Ise Shima,https://www.japan-guide.com/e/e4310.html,Site of Japan's most sacred Shinto shrines.,3.8,"1,390",Highly Recommended
Kansai,Mie,Iga Ueno,https://www.japan-guide.com/e/e4350.html,Former castle town famous for ninja.,3.4,606,Recommended
Chugoku,Okayama,Inujima Island,https://www.japan-guide.com/e/e5725.html,Small island turned into a modern art site.,4.3,53,Recommended
Chugoku,Okayama,Bitchu-Takahashi,https://www.japan-guide.com/e/e5775.html,Pretty town with original mountaintop castle.,4.0,124,Recommended
Chugoku,Okayama,Kurashiki,https://www.japan-guide.com/e/e5750.html,"City with a picturesque, historic canal area.",3.7,997,Recommended
Chugoku,Okayama,Okayama,https://www.japan-guide.com/e/e5700.html,Famous for one of Japan's three best gardens.,3.5,"1,402",
Chugoku,Hiroshima,Miyajima,https://www.japan-guide.com/e/e3401.html,Island known for its shrine and large torii gate.,4.7,"3,125",Must Visit
Chugoku,Hiroshima,Hiroshima,https://www.japan-guide.com/e/e2160.html,Regional capital with a tragic history.,4.2,"4,649",Highly Recommended
Chugoku,Hiroshima,Onomichi,https://www.japan-guide.com/e/e3475.html,Port town with many slopes and temples.,3.7,516,Recommended
Chugoku,Hiroshima,Tomonoura,https://www.japan-guide.com/e/e3432.html,"Picturesque, old-fashioned fishing town.",3.5,99,Recommended
Chugoku,Hiroshima,Fukuyama,https://www.japan-guide.com/e/e3430.html,Second largest city in Hiroshima Prefecture.,3.2,141,
Chugoku,Yamaguchi,Akiyoshidai,https://www.japan-guide.com/e/e6130.html,Karst plateau with large limestone cave.,3.8,152,Recommended
Chugoku,Yamaguchi,Hagi,https://www.japan-guide.com/e/e6150.html,Castle town with preserved samurai district.,3.6,421,Recommended
Chugoku,Yamaguchi,Iwakuni,https://www.japan-guide.com/e/e6175.html,Site of the picturesque Kintai-kyo Bridge.,3.6,577,Recommended
Chugoku,Yamaguchi,Motonosumi Shrine,https://www.japan-guide.com/destinations/motonosumi-shrine/,Remote shrine along the coast with tunnel of torii gates,3.9,13,
Chugoku,Yamaguchi,Yamaguchi,https://www.japan-guide.com/e/e6100.html,Pleasant city at the western end of Honshu.,3.2,588,
Chugoku,Yamaguchi,Shimonoseki,https://www.japan-guide.com/e/e6140.html,City at the westernmost tip of Honshu.,3.2,32,
Chugoku,Tottori,Mount Daisen,https://www.japan-guide.com/e/e8150.html,Tallest mountain in the Chugoku Region.,3.5,186,
Chugoku,Tottori,Tottori,https://www.japan-guide.com/e/e8100.html,Prefectural capital known for its sand dunes.,3.4,504,
Chugoku,Shimane,Izumo,https://www.japan-guide.com/e/e5830.html,"Site of Izumo Taisha, Japan's oldest shrine.",3.8,426,Recommended
Chugoku,Shimane,Matsue,https://www.japan-guide.com/e/e5800.html,Former castle town near Izumo Taisha.,3.8,604,Recommended
Chugoku,Shimane,Tsuwano,https://www.japan-guide.com/e/e5875.html,Rural town with nice samurai district.,3.8,100,
Chugoku,Shimane,Iwami Ginzan,https://www.japan-guide.com/e/e5850.html,Former silver mine with world heritage status.,3.5,154,
Chugoku,Okayama,Inujima Island,https://www.japan-guide.com/e/e5725.html,Small island turned into a modern art site.,4.3,53,Recommended
Chugoku,Okayama,Bitchu-Takahashi,https://www.japan-guide.com/e/e5775.html,Pretty town with original mountaintop castle.,4.0,124,Recommended
Chugoku,Okayama,Kurashiki,https://www.japan-guide.com/e/e5750.html,"City with a picturesque, historic canal area.",3.7,997,Recommended
Chugoku,Okayama,Okayama,https://www.japan-guide.com/e/e5700.html,Famous for one of Japan's three best gardens.,3.5,"1,402",
Chugoku,Hiroshima,Miyajima,https://www.japan-guide.com/e/e3401.html,Island known for its shrine and large torii gate.,4.7,"3,125",Must Visit
Chugoku,Hiroshima,Hiroshima,https://www.japan-guide.com/e/e2160.html,Regional capital with a tragic history.,4.2,"4,649",Highly Recommended
Chugoku,Hiroshima,Onomichi,https://www.japan-guide.com/e/e3475.html,Port town with many slopes and temples.,3.7,516,Recommended
Chugoku,Hiroshima,Tomonoura,https://www.japan-guide.com/e/e3432.html,"Picturesque, old-fashioned fishing town.",3.5,99,Recommended
Chugoku,Hiroshima,Fukuyama,https://www.japan-guide.com/e/e3430.html,Second largest city in Hiroshima Prefecture.,3.2,141,
Chugoku,Yamaguchi,Akiyoshidai,https://www.japan-guide.com/e/e6130.html,Karst plateau with large limestone cave.,3.8,152,Recommended
Chugoku,Yamaguchi,Hagi,https://www.japan-guide.com/e/e6150.html,Castle town with preserved samurai district.,3.6,421,Recommended
Chugoku,Yamaguchi,Iwakuni,https://www.japan-guide.com/e/e6175.html,Site of the picturesque Kintai-kyo Bridge.,3.6,577,Recommended
Chugoku,Yamaguchi,Motonosumi Shrine,https://www.japan-guide.com/destinations/motonosumi-shrine/,Remote shrine along the coast with tunnel of torii gates,3.9,13,
Chugoku,Yamaguchi,Yamaguchi,https://www.japan-guide.com/e/e6100.html,Pleasant city at the western end of Honshu.,3.2,588,
Chugoku,Yamaguchi,Shimonoseki,https://www.japan-guide.com/e/e6140.html,City at the westernmost tip of Honshu.,3.2,32,
Chugoku,Tottori,Mount Daisen,https://www.japan-guide.com/e/e8150.html,Tallest mountain in the Chugoku Region.,3.5,186,
Chugoku,Tottori,Tottori,https://www.japan-guide.com/e/e8100.html,Prefectural capital known for its sand dunes.,3.4,504,
Chugoku,Shimane,Izumo,https://www.japan-guide.com/e/e5830.html,"Site of Izumo Taisha, Japan's oldest shrine.",3.8,426,Recommended
Chugoku,Shimane,Matsue,https://www.japan-guide.com/e/e5800.html,Former castle town near Izumo Taisha.,3.8,604,Recommended
Chugoku,Shimane,Tsuwano,https://www.japan-guide.com/e/e5875.html,Rural town with nice samurai district.,3.8,100,
Chugoku,Shimane,Iwami Ginzan,https://www.japan-guide.com/e/e5850.html,Former silver mine with world heritage status.,3.5,154,
Shikoku,Kagawa,Naoshima,https://www.japan-guide.com/e/e5475.html,Small island with a lot of modern art.,4.2,312,Highly Recommended
Shikoku,Kagawa,Kotohira,https://www.japan-guide.com/e/e5450.html,Site of Shikoku's most popular shrine.,3.7,391,Recommended
Shikoku,Kagawa,Takamatsu,https://www.japan-guide.com/e/e5400.html,Capital of Kagawa Prefecture.,3.4,859,Recommended
Shikoku,Kagawa,Shodoshima,https://www.japan-guide.com/e/e5430.html,Island in the Seto Inland Sea know for olives.,3.6,223,
Shikoku,Kagawa,Marugame,https://www.japan-guide.com/e/e5465.html,"Port city in Kagawa, known for its castle.",3.0,148,
Shikoku,Ehime,Matsuyama,https://www.japan-guide.com/e/e5500.html,Largest city of Shikoku with a beautiful castle.,3.8,809,Recommended
Shikoku,Ehime,Uchiko,https://www.japan-guide.com/e/e5550.html,Countryside town formerly known for its wax.,3.6,126,Recommended
Shikoku,Ehime,Ozu,https://www.japan-guide.com/e/e5525.html,"Small city with nice castle, old town and villa.",3.2,55,Recommended
Shikoku,Ehime,Uwajima,https://www.japan-guide.com/e/e5575.html,Secluded port town with original castle.,3.2,82,
Shikoku,Kochi,Kochi,https://www.japan-guide.com/e/e5600.html,Nice city with a southern flair.,3.7,724,Recommended
Shikoku,Tokushima,Iya Valley,https://www.japan-guide.com/e/e7825.html,Remote valley in the center of Shikoku.,4.2,151,Recommended
Shikoku,Tokushima,Naruto,https://www.japan-guide.com/e/e7850.html,City well known for its whirlpools.,3.3,432,
Shikoku,Tokushima,Tokushima,https://www.japan-guide.com/e/e7800.html,A city best known for its dance festival.,3.1,453,
Shikoku,Kagawa,Naoshima,https://www.japan-guide.com/e/e5475.html,Small island with a lot of modern art.,4.2,312,Highly Recommended
Shikoku,Kagawa,Kotohira,https://www.japan-guide.com/e/e5450.html,Site of Shikoku's most popular shrine.,3.7,391,Recommended
Shikoku,Kagawa,Takamatsu,https://www.japan-guide.com/e/e5400.html,Capital of Kagawa Prefecture.,3.4,859,Recommended
Shikoku,Kagawa,Shodoshima,https://www.japan-guide.com/e/e5430.html,Island in the Seto Inland Sea know for olives.,3.6,223,
Shikoku,Kagawa,Marugame,https://www.japan-guide.com/e/e5465.html,"Port city in Kagawa, known for its castle.",3.0,148,
Shikoku,Ehime,Matsuyama,https://www.japan-guide.com/e/e5500.html,Largest city of Shikoku with a beautiful castle.,3.8,809,Recommended
Shikoku,Ehime,Uchiko,https://www.japan-guide.com/e/e5550.html,Countryside town formerly known for its wax.,3.6,126,Recommended
Shikoku,Ehime,Ozu,https://www.japan-guide.com/e/e5525.html,"Small city with nice castle, old town and villa.",3.2,55,Recommended
Shikoku,Ehime,Uwajima,https://www.japan-guide.com/e/e5575.html,Secluded port town with original castle.,3.2,82,
Shikoku,Kochi,Kochi,https://www.japan-guide.com/e/e5600.html,Nice city with a southern flair.,3.7,724,Recommended
Shikoku,Tokushima,Iya Valley,https://www.japan-guide.com/e/e7825.html,Remote valley in the center of Shikoku.,4.2,151,Recommended
Shikoku,Tokushima,Naruto,https://www.japan-guide.com/e/e7850.html,City well known for its whirlpools.,3.3,432,
Shikoku,Tokushima,Tokushima,https://www.japan-guide.com/e/e7800.html,A city best known for its dance festival.,3.1,453,
Kyushu,Fukuoka,Fukuoka,https://www.japan-guide.com/e/e2161.html,Kyushu's largest and most vibrant city.,3.7,"2,757",Recommended
Kyushu,Fukuoka,Dazaifu,https://www.japan-guide.com/e/e4850.html,Historic town south of Fukuoka.,3.7,965,Recommended
Kyushu,Fukuoka,Munakata Taisha,https://www.japan-guide.com/e/e4840.html,"Three shrines and a sacred, off-limit island.",3.4,20,
Kyushu,Fukuoka,Kitakyushu,https://www.japan-guide.com/e/e4875.html,Industrial city in the north of Kyushu.,3.1,407,
Kyushu,Saga,Yutoku Inari Shrine,https://www.japan-guide.com/e/e8390.html,One of Japan's three best Inari shrines.,4.3,37,Recommended
Kyushu,Saga,Yoshinogari Park,https://www.japan-guide.com/e/e8325.html,Best archeological site about the Yayoi Period.,3.1,172,Recommended
Kyushu,Saga,Arita and Imari,https://www.japan-guide.com/e/e8300.html,One of Japan's most famous area for pottery.,3.7,143,
Kyushu,Saga,Ureshino Onsen,https://www.japan-guide.com/e/e8380.html,Onsen town with very smooth hot spring waters.,3.6,32,
Kyushu,Saga,Karatsu,https://www.japan-guide.com/e/e8375.html,Coastal city known for castles and pottery.,3.2,74,
Kyushu,Saga,Takeo Onsen,https://www.japan-guide.com/e/e8385.html,Onsen town with smooth waters and long history.,2.9,37,
Kyushu,Nagasaki,Nagasaki,https://www.japan-guide.com/e/e2162.html,Attractive port city with a moving history.,4.1,"2,078",Highly Recommended
Kyushu,Nagasaki,Huis Ten Bosch,https://www.japan-guide.com/e/e4477.html,Amusement Park themed after a Dutch town.,3.5,215,Recommended
Kyushu,Nagasaki,Shimabara Peninsula,https://www.japan-guide.com/e/e4450.html,Peninsula with active volcano near Nagasaki City.,3.7,165,
Kyushu,Nagasaki,Hirado,https://www.japan-guide.com/e/e4490.html,Former site of the Dutch trading post.,3.5,33,
Kyushu,Nagasaki,Goto Islands,https://www.japan-guide.com/e/e4440.html,Remote islands off the coast of Kyushu.,NA,10,
Kyushu,Kumamoto,Kurokawa Onsen,https://www.japan-guide.com/e/e4575.html,Hot spring town with attractive town and baths.,4.3,235,Highly Recommended
Kyushu,Kumamoto,Aso,https://www.japan-guide.com/e/e4550.html,Active volcano with a huge ancient caldera.,3.8,"1,093",Recommended
Kyushu,Kumamoto,Kumamoto,https://www.japan-guide.com/e/e4500.html,Modern city most famous for its castle.,3.7,"1,413",Recommended
Kyushu,Kumamoto,Amakusa,https://www.japan-guide.com/e/e4590.html,Remote islands with a large Christian population.,4.0,48,
Kyushu,Kumamoto,Minamata,https://www.japan-guide.com/e/e4525.html,From pollution site to environmental model city.,2.9,67,
Kyushu,Oita,Yufuin,https://www.japan-guide.com/e/e4750.html,Rural yet trendy hot spring town near Beppu.,4.1,520,Recommended
Kyushu,Oita,Beppu,https://www.japan-guide.com/e/e4700.html,Japan's capital city of hot springs.,3.8,"1,473",Recommended
Kyushu,Oita,Kunisaki Peninsula,https://www.japan-guide.com/e/e4720.html,"Interesting, rural peninsula north of Beppu.",3.7,63,Recommended
Kyushu,Oita,Usuki,https://www.japan-guide.com/e/e4740.html,Town known for its unique stone Buddhas.,3.7,53,
Kyushu,Oita,Kuju Mountains,https://www.japan-guide.com/e/e4775.html,Volcanic mountain range in Kyushu.,3.6,121,
Kyushu,Miyazaki,Takachiho,https://www.japan-guide.com/e/e8050.html,Mountain town steeped in mythology.,4.2,295,Recommended
Kyushu,Miyazaki,Udo Shrine,https://www.japan-guide.com/e/e8032.html,Shrine constructed in a cliff side cave.,3.6,102,Recommended
Kyushu,Miyazaki,Miyazaki,https://www.japan-guide.com/e/e8000.html,City in southeastern Kyushu.,3.4,589,
Kyushu,Kagoshima,Yakushima,https://www.japan-guide.com/e/e4650.html,Subtropical island with ancient cedar forest.,4.7,311,Must Visit
Kyushu,Kagoshima,Amami Oshima,https://www.japan-guide.com/e/e4690.html,Subtropical island between Kagoshima and Okinawa.,NA,26,Highly Recommended
Kyushu,Kagoshima,Kirishima,https://www.japan-guide.com/e/e4625.html,National Park with volcanic mountain range.,3.8,294,Recommended
Kyushu,Kagoshima,Kagoshima,https://www.japan-guide.com/e/e4600.html,Southernmost of Kyushu's major cities.,3.8,"1,272",Recommended
Kyushu,Kagoshima,Satsuma Peninsula,https://www.japan-guide.com/e/e4675.html,Rural peninsula with hot springs in southern Kyushu.,3.8,178,Recommended
Kyushu,Kagoshima,Tokunoshima,https://www.japan-guide.com/e/e4699.html,Subtropical island south of Amami-Oshima,NA,5,
Kyushu,Fukuoka,Fukuoka,https://www.japan-guide.com/e/e2161.html,Kyushu's largest and most vibrant city.,3.7,"2,757",Recommended
Kyushu,Fukuoka,Dazaifu,https://www.japan-guide.com/e/e4850.html,Historic town south of Fukuoka.,3.7,965,Recommended
Kyushu,Fukuoka,Munakata Taisha,https://www.japan-guide.com/e/e4840.html,"Three shrines and a sacred, off-limit island.",3.4,20,
Kyushu,Fukuoka,Kitakyushu,https://www.japan-guide.com/e/e4875.html,Industrial city in the north of Kyushu.,3.1,407,
Kyushu,Saga,Yutoku Inari Shrine,https://www.japan-guide.com/e/e8390.html,One of Japan's three best Inari shrines.,4.3,37,Recommended
Kyushu,Saga,Yoshinogari Park,https://www.japan-guide.com/e/e8325.html,Best archeological site about the Yayoi Period.,3.1,172,Recommended
Kyushu,Saga,Arita and Imari,https://www.japan-guide.com/e/e8300.html,One of Japan's most famous area for pottery.,3.7,143,
Kyushu,Saga,Ureshino Onsen,https://www.japan-guide.com/e/e8380.html,Onsen town with very smooth hot spring waters.,3.6,32,
Kyushu,Saga,Karatsu,https://www.japan-guide.com/e/e8375.html,Coastal city known for castles and pottery.,3.2,74,
Kyushu,Saga,Takeo Onsen,https://www.japan-guide.com/e/e8385.html,Onsen town with smooth waters and long history.,2.9,37,
Kyushu,Nagasaki,Nagasaki,https://www.japan-guide.com/e/e2162.html,Attractive port city with a moving history.,4.1,"2,078",Highly Recommended
Kyushu,Nagasaki,Huis Ten Bosch,https://www.japan-guide.com/e/e4477.html,Amusement Park themed after a Dutch town.,3.5,215,Recommended
Kyushu,Nagasaki,Shimabara Peninsula,https://www.japan-guide.com/e/e4450.html,Peninsula with active volcano near Nagasaki City.,3.7,165,
Kyushu,Nagasaki,Hirado,https://www.japan-guide.com/e/e4490.html,Former site of the Dutch trading post.,3.5,33,
Kyushu,Nagasaki,Goto Islands,https://www.japan-guide.com/e/e4440.html,Remote islands off the coast of Kyushu.,NA,10,
Kyushu,Kumamoto,Kurokawa Onsen,https://www.japan-guide.com/e/e4575.html,Hot spring town with attractive town and baths.,4.3,235,Highly Recommended
Kyushu,Kumamoto,Aso,https://www.japan-guide.com/e/e4550.html,Active volcano with a huge ancient caldera.,3.8,"1,093",Recommended
Kyushu,Kumamoto,Kumamoto,https://www.japan-guide.com/e/e4500.html,Modern city most famous for its castle.,3.7,"1,413",Recommended
Kyushu,Kumamoto,Amakusa,https://www.japan-guide.com/e/e4590.html,Remote islands with a large Christian population.,4.0,48,
Kyushu,Kumamoto,Minamata,https://www.japan-guide.com/e/e4525.html,From pollution site to environmental model city.,2.9,67,
Kyushu,Oita,Yufuin,https://www.japan-guide.com/e/e4750.html,Rural yet trendy hot spring town near Beppu.,4.1,520,Recommended
Kyushu,Oita,Beppu,https://www.japan-guide.com/e/e4700.html,Japan's capital city of hot springs.,3.8,"1,473",Recommended
Kyushu,Oita,Kunisaki Peninsula,https://www.japan-guide.com/e/e4720.html,"Interesting, rural peninsula north of Beppu.",3.7,63,Recommended
Kyushu,Oita,Usuki,https://www.japan-guide.com/e/e4740.html,Town known for its unique stone Buddhas.,3.7,53,
Kyushu,Oita,Kuju Mountains,https://www.japan-guide.com/e/e4775.html,Volcanic mountain range in Kyushu.,3.6,121,
Kyushu,Miyazaki,Takachiho,https://www.japan-guide.com/e/e8050.html,Mountain town steeped in mythology.,4.2,295,Recommended
Kyushu,Miyazaki,Udo Shrine,https://www.japan-guide.com/e/e8032.html,Shrine constructed in a cliff side cave.,3.6,102,Recommended
Kyushu,Miyazaki,Miyazaki,https://www.japan-guide.com/e/e8000.html,City in southeastern Kyushu.,3.4,589,
Kyushu,Kagoshima,Yakushima,https://www.japan-guide.com/e/e4650.html,Subtropical island with ancient cedar forest.,4.7,311,Must Visit
Kyushu,Kagoshima,Amami Oshima,https://www.japan-guide.com/e/e4690.html,Subtropical island between Kagoshima and Okinawa.,NA,26,Highly Recommended
Kyushu,Kagoshima,Kirishima,https://www.japan-guide.com/e/e4625.html,National Park with volcanic mountain range.,3.8,294,Recommended
Kyushu,Kagoshima,Kagoshima,https://www.japan-guide.com/e/e4600.html,Southernmost of Kyushu's major cities.,3.8,"1,272",Recommended
Kyushu,Kagoshima,Satsuma Peninsula,https://www.japan-guide.com/e/e4675.html,Rural peninsula with hot springs in southern Kyushu.,3.8,178,Recommended
Kyushu,Kagoshima,Tokunoshima,https://www.japan-guide.com/e/e4699.html,Subtropical island south of Amami-Oshima,NA,5,
Okinawa,NA,Yaeyama Islands,https://www.japan-guide.com/e/e7200.html,Okinawa's southernmost island group.,4.7,248,Must Visit
Okinawa,NA,Kerama Islands,https://www.japan-guide.com/e/e7190.html,Small island group with beautiful beaches.,4.5,39,Highly Recommended
Okinawa,NA,Okinawa Island,https://www.japan-guide.com/e/e7101.html,Okinawa Prefecture's main island.,4.5,"2,016",Highly Recommended
Okinawa,NA,Miyako Island,https://www.japan-guide.com/e/e7300.html,Subtropical island with excellent beaches.,4.4,169,Highly Recommended
Okinawa,NA,Kume Island,https://www.japan-guide.com/e/e7175.html,Small island west of Okinawa Honto.,4.0,56,Recommended
