Region,Prefecture,City,Link,Description,Rating,Visits,Rating_Normalized,Visits_Normalized,Balanced_Score,Popular_Score,Hidden_Gem_Score
Hokkaido,Cities and Resort Towns,Niseko,https://www.japan-guide.com/e/e6720.html,Leading snow resort with lots of powder snow.,4.1,373,0.8541666666666666,0.03053372626064178,0.4423501964636542,0.3159109126009605,0.8945215291421087
Hokkaido,Cities and Resort Towns,Sapporo,https://www.japan-guide.com/e/e2163.html,The largest city on the island of Hokkaido.,4.0,2572,0.8333333333333334,0.210543549443353,0.5219384413883432,0.4057110892818162,0.8179764243614932
Hokkaido,Cities and Resort Towns,Furano,https://www.japan-guide.com/e/e6825.html,Towns with beautiful lavender and flower fields.,4.0,886,0.8333333333333334,0.07252783235101506,0.45293058284217425,0.3309525758567998,0.8662819253438114
Hokkaido,Cities and Resort Towns,Noboribetsu,https://www.japan-guide.com/e/e6750.html,Hokkaido's most famous hot spring resort.,4.0,619,0.8333333333333334,0.05067125081859856,0.442002292075966,0.3191135941934075,0.8739317288801572
Hokkaido,Cities and Resort Towns,Hakodate,https://www.japan-guide.com/e/e5350.html,Southernmost city on Hokkaido.,3.9,1408,0.8125,0.11525867714472822,0.46387933857236413,0.34524598886705954,0.8377844629993452
Hokkaido,Cities and Resort Towns,Otaru,https://www.japan-guide.com/e/e6700.html,Harbor city near Sapporo with a canal.,3.9,1421,0.8125,0.11632285527177472,0.4644114276358874,0.345808007940406,0.8374120006548789
Hokkaido,Cities and Resort Towns,Matsumae,https://www.japan-guide.com/e/e5380.html,The only former castle town on Hokkaido.,3.6,39,0.75,0.0031925343811394892,0.37659626719056977,0.2640563605108055,0.8363826129666012
Hokkaido,Cities and Resort Towns,Asahikawa,https://www.japan-guide.com/e/e6890.html,City in central Hokkaido famous for its zoo.,3.5,638,0.7291666666666667,0.05222658808120498,0.39069662737393585,0.27996155997598776,0.8056790275049116
Hokkaido,Cities and Resort Towns,Rusutsu,https://www.japan-guide.com/e/e6715.html,Attractive ski resort near Niseko.,3.4,146,0.7083333333333334,0.01195153896529142,0.3601424361493124,0.2534193543986029,0.8062336280288147
Hokkaido,Cities and Resort Towns,Jozankei Onsen,https://www.japan-guide.com/e/e6745.html,Hot spring resort in the mountains outside central Sapporo.,3.4,204,0.7083333333333334,0.01669941060903733,0.36251637197118536,0.2556053536345776,0.8045718729535036
Hokkaido,Cities and Resort Towns,Tomamu,https://www.japan-guide.com/e/e6845.html,Large ski resort in central Hokkaido.,3.3,58,0.6875,0.004747871643745907,0.34612393582187295,0.24274670514079894,0.7952132449246889
Hokkaido,Cities and Resort Towns,Kushiro,https://www.japan-guide.com/e/e6790.html,City in eastern Hokkaido near a large marshland,3.2,337,0.6666666666666667,0.027586771447282252,0.3471267190569745,0.245287600960489,0.7736779633267845
Hokkaido,Cities and Resort Towns,Abashiri,https://www.japan-guide.com/e/e6865.html,Known for its prison and drift ice in winter.,3.0,500,0.625,0.040929927963326784,0.3329649639816634,0.23537778323510147,0.7419245252128356
Hokkaido,Cities and Resort Towns,Kiroro Ski Resort,https://www.japan-guide.com/e/e6716.html,Ski resort between Sapporo and Niseko.,0.0,4,0.0,0.0003274394237066143,0.00016371971185330714,0.0,0.34988539620170267
Hokkaido,National Parks,Shiretoko,https://www.japan-guide.com/e/e6850.html,National park on an unspoiled peninsula.,4.3,360,0.8958333333333334,0.029469548133595286,0.4626514407334643,0.3307015389652914,0.9219773248199084
Hokkaido,National Parks,Rishiri and Rebun,https://www.japan-guide.com/e/e6875.html,Small islands near Hokkaido's northern tip.,4.3,115,0.8958333333333334,0.00941388343156516,0.45262360838244925,0.31902329253983847,0.928996807465619
Hokkaido,National Parks,Daisetsuzan,https://www.japan-guide.com/e/e6775.html,Hokkaido's largest and wildest national park.,4.1,363,0.8541666666666666,0.029715127701375247,0.44194089718402096,0.31545641985920103,0.8948080386378519
Hokkaido,National Parks,Onuma Park,https://www.japan-guide.com/e/e5356.html,National park 20 kilometers north of Hakodate.,3.8,147,0.7916666666666666,0.012033398821218075,0.4018500327439424,0.28327551981008514,0.8603716437459069
Hokkaido,National Parks,Akan Mashu National Park,https://www.japan-guide.com/e/e6800.html,National park with beautiful lakes.,3.7,511,0.7708333333333334,0.041830386378519976,0.4063318598559267,0.29075043317507093,0.8364010314341848
Hokkaido,National Parks,Lake Toya,https://www.japan-guide.com/e/e6725.html,"Site of Mount Usu, an active volcano.",3.6,437,0.75,0.03577275703994761,0.3928863785199738,0.27993921905697444,0.8249795350360183
Hokkaido,National Parks,Lake Shikotsu,https://www.japan-guide.com/e/e6736.html,Picturesque caldera lake near Sapporo.,3.4,188,0.7083333333333334,0.01538965291421087,0.36186149312377214,0.2550023193625846,0.8050302881466929
Hokkaido,National Parks,Kushiro Marshlands,https://www.japan-guide.com/e/e6792.html,Marshlands populated by Japanese cranes.,3.2,325,0.6666666666666667,0.02660445317616241,0.3466355599214146,0.24486192970967038,0.7740217747216765
Tohoku,Aomori,Towada,https://www.japan-guide.com/e/e3776.html,Caldera lake famous for autumn colors.,4.0,382,0.8333333333333334,0.03127046496398166,0.4323018991486575,0.3086048351888234,0.8807220039292731
Tohoku,Aomori,Shimokita Hanto,https://www.japan-guide.com/e/e3725.html,Remote peninsula famed for Fear Mountain.,3.9,153,0.8125,0.012524557956777996,0.412512278978389,0.2909895321709233,0.8737414047151277
Tohoku,Aomori,Hirosaki,https://www.japan-guide.com/e/e3701.html,Former castle town in Northern Tohoku.,3.7,470,0.7708333333333334,0.03847413228552718,0.4046537328094303,0.289068810030561,0.8375757203667322
Tohoku,Aomori,Shirakami Sanchi,https://www.japan-guide.com/e/e3790.html,Mountain range with virgin beech forests.,3.9,118,0.8125,0.009659462999345121,0.4110797314996726,0.2894764038965291,0.8747441879502292
Tohoku,Aomori,Aomori,https://www.japan-guide.com/e/e3750.html,City best known for its Nebuta Matsuri.,3.5,813,0.7291666666666667,0.06655206286836936,0.39785936476751804,0.28675123813032094,0.8006651113294041
Tohoku,Akita,Hachimantai,https://www.japan-guide.com/e/e3651.html,Mountainous region with rustic hot springs.,3.8,261,0.7916666666666666,0.02136542239685658,0.4065160445317616,0.2880776236083824,0.8571054354944334
Tohoku,Akita,Kakunodate,https://www.japan-guide.com/e/e3601.html,City with nicely preserved samurai district.,3.7,371,0.7708333333333334,0.030370006548788474,0.40060166994106094,0.28500830536454924,0.8404121643745908
Tohoku,Akita,Kamakura Festival,https://www.japan-guide.com/e/e3690.html,Festival in Yokote with lots of small snow houses.,3.6,40,0.75,0.0032743942370661427,0.37663719711853305,0.2640962671905697,0.8363539620170268
Tohoku,Akita,Akita,https://www.japan-guide.com/e/e3625.html,Prefectural capital best known for its festival.,3.2,576,0.6666666666666667,0.047151277013752456,0.3569089718402096,0.2537655533726261,0.76683038637852
Tohoku,Iwate,Sanriku Coast,https://www.japan-guide.com/e/e5025.html,Pacific coastline that was hit by the 2011 tsunami.,4.0,200,0.8333333333333334,0.016371971185330715,0.42485265225933205,0.3005348177253874,0.885936476751801
Tohoku,Iwate,Hiraizumi,https://www.japan-guide.com/e/e5000.html,Tohoku's former cultural and political capital.,3.9,468,0.8125,0.03831041257367387,0.4254052062868369,0.3046076866404715,0.8647163555992142
Tohoku,Iwate,Appi Kogen,https://www.japan-guide.com/e/e5095.html,Leading ski resort in the Tohoku Region.,3.5,39,0.7291666666666667,0.0031925343811394892,0.36617960052390314,0.2567214616077276,0.8228409462999345
Tohoku,Iwate,Tono,https://www.japan-guide.com/e/e5060.html,Rural town known for its folktales and legends.,4.2,44,0.8750000000000001,0.003601833660772757,0.4393009168303864,0.3082985428945645,0.9174893582187296
Tohoku,Iwate,Kitakami,https://www.japan-guide.com/e/e5077.html,Popular cherry blossom spot in the Tohoku Region.,3.3,93,0.6875,0.007612966601178782,0.3475564833005894,0.24402704444990175,0.7942104616895874
Tohoku,Iwate,Morioka,https://www.japan-guide.com/e/e5050.html,Prefectural capital famous for noodle dishes.,3.0,204,0.625,0.01669941060903733,0.3208497053045187,0.22553413555992138,0.7504052062868369
Tohoku,Yamagata,Yamadera,https://www.japan-guide.com/e/e7940.html,Scenic temple on a steep mountainside.,4.5,403,0.9375,0.03298952193844139,0.4852447609692207,0.3482279899312377,0.9478286673215455
Tohoku,Yamagata,Dewa Sanzan,https://www.japan-guide.com/e/e7900.html,Three sacred mountains with shrines.,4.4,156,0.9166666666666667,0.012770137524557957,0.4647184020956123,0.3284422069417158,0.9413637851997381
Tohoku,Yamagata,Ginzan Onsen,https://www.japan-guide.com/e/e7975.html,"One of Japan's nicest, old-fashioned onsen towns.",4.1,65,0.8541666666666666,0.005320890635232482,0.42974377865094954,0.3019125361547697,0.9033460216110019
Tohoku,Yamagata,Zao,https://www.japan-guide.com/e/e7925.html,Volcano with hot spring and ski resort.,3.9,455,0.8125,0.03724623444662738,0.42487311722331367,0.3040456675671251,0.8650888179436804
Tohoku,Yamagata,Kaminoyama Onsen,https://www.japan-guide.com/e/e7980.html,Onsen town with castle and fruit farms.,3.7,28,0.7708333333333334,0.0022920759659463,0.3865627046496398,0.270940092228771,0.8502394400785855
Tohoku,Yamagata,Sakata,https://www.japan-guide.com/e/e7990.html,Commercial center at the Sea of Japan coast.,3.5,21,0.7291666666666667,0.001719056974459725,0.36544286182056324,0.2560230947118533,0.8233566633922724
Tohoku,Miyagi,Matsushima,https://www.japan-guide.com/e/e5100.html,Scenic bay dotted by pine clad islets.,4.0,931,0.8333333333333334,0.07621152586771447,0.45477242960052394,0.332947909845012,0.8649926326129667
Tohoku,Miyagi,Naruko Gorge,https://www.japan-guide.com/e/e5177.html,Forested gorge famous for its autumn colors.,3.6,78,0.75,0.0063850687622789785,0.3781925343811395,0.265612721021611,0.8352652259332024
Tohoku,Miyagi,Sendai,https://www.japan-guide.com/e/e5150.html,Largest city in the Tohoku Region.,3.5,1675,0.7291666666666667,0.13711525867714472,0.4331409626719057,0.32019525281052175,0.7759679927963328
Tohoku,Fukushima,Ouchijuku,https://www.japan-guide.com/e/e7710.html,Former post town along a trade route.,4.1,132,0.8541666666666666,0.010805500982318271,0.43248608382449244,0.3049576375245579,0.9014264079895219
Tohoku,Fukushima,Oze National Park,https://www.japan-guide.com/e/e7440.html,Popular hiking destination with a marshland.,3.9,191,0.8125,0.01563523248199083,0.4140676162409954,0.2926323571545514,0.8726526686313032
Tohoku,Fukushima,Aizu,https://www.japan-guide.com/e/e7700.html,Small city known for its samurai history.,3.7,660,0.7708333333333334,0.054027504911591355,0.41243041912246237,0.2968616977734119,0.8321320399476098
Tohoku,Fukushima,Bandai,https://www.japan-guide.com/e/e7750.html,Volcanic mountains with beautiful highlands.,3.4,206,0.7083333333333334,0.016863130320890634,0.362598231827112,0.25568073291857674,0.804514571054355
Tohoku,Fukushima,Fukushima,https://www.japan-guide.com/e/e7725.html,Prefectural capital with a few attractions.,3.3,274,0.6875,0.022429600523903078,0.35496480026195154,0.25064822773411916,0.7890246398166338
Tohoku,Fukushima,Iwaki,https://www.japan-guide.com/e/e7775.html,City famous for its Hawaiian water park resort.,2.7,141,0.5625000000000001,0.011542239685658153,0.28702111984282913,0.2010951313850688,0.7115852161100198
Kanto,Tokyo Metropolis,Tokyo,https://www.japan-guide.com/e/e2164.html,Japan's capital and largest city.,4.6,12216,0.9583333333333333,1.0,0.9791666666666666,0.9583333333333333,0.6229166666666667
Kanto,Tokyo Metropolis,Ogasawara Islands,https://www.japan-guide.com/e/e8200.html,Remote islands 1000 kilometers south of Tokyo.,4.5,53,0.9375,0.004338572364112639,0.4709192861820563,0.33076881753438114,0.9578564996725606
Kanto,Tokyo Metropolis,Izu Oshima,https://www.japan-guide.com/e/e8252.html,The largest island among the Izu Islands.,3.8,122,0.7916666666666666,0.009986902423051735,0.4008267845448592,0.282222426871862,0.8610879174852651
Kanto,Kanagawa,Kamakura,https://www.japan-guide.com/e/e2166.html,Small city full of historic treasures.,4.4,4277,0.9166666666666667,0.35011460379829734,0.6333906352324821,0.5294432847631522,0.8232932220039293
Kanto,Kanagawa,Hakone,https://www.japan-guide.com/e/e5200.html,National park with views of Mount Fuji.,4.1,3428,0.8541666666666666,0.28061558611656845,0.5673911263916176,0.4547584452084697,0.8069928781925344
Kanto,Kanagawa,Yokohama,https://www.japan-guide.com/e/e2156.html,Japan's second largest city.,4.0,4779,0.8333333333333334,0.39120825147347743,0.6122707924034054,0.5035711362148003,0.7547437786509497
Kanto,Kanagawa,Kawasaki,https://www.japan-guide.com/e/e3250.html,Sandwiched between Tokyo and Yokohama.,2.8,642,0.5833333333333334,0.05255402750491159,0.31794368041912247,0.2240934020956123,0.7107727570399476
Kanto,Chiba,Boso Peninsula,https://www.japan-guide.com/e/e6430.html,Large peninsula southeast of Tokyo.,3.4,109,0.7083333333333334,0.00892272429600524,0.3586280288146693,0.2520248376446191,0.8072937131630649
Kanto,Chiba,Narita,https://www.japan-guide.com/e/e6400.html,Site of Tokyo's international airport.,2.9,2085,0.6041666666666666,0.1706777996070727,0.38742223313686963,0.2784849275540275,0.6829711034708579
Kanto,Saitama,Chichibu,https://www.japan-guide.com/e/e6550.html,Rural city known for its festival and shrines.,3.6,87,0.75,0.00712180746561886,0.37856090373280943,0.26597188113948916,0.8350073673870334
Kanto,Saitama,Kawagoe,https://www.japan-guide.com/e/e6500.html,Former castle town known as the Little Edo.,3.4,1011,0.7083333333333334,0.08276031434184676,0.39554682383759004,0.2860208947282253,0.7814505566470203
Kanto,Saitama,Saitama,https://www.japan-guide.com/e/e6525.html,City north of Tokyo with a few places of interest.,3.0,711,0.625,0.058202357563850685,0.34160117878192536,0.24239470776031433,0.7358791748526523
Kanto,Gunma,Kusatsu Onsen,https://www.japan-guide.com/e/e7400.html,One of Japan's best hot spring towns.,4.0,631,0.8333333333333334,0.0516535690897184,0.4424934512115259,0.31964568325693077,0.8735879174852652
Kanto,Gunma,Oze National Park,https://www.japan-guide.com/e/e7440.html,Popular hiking destination with a marshland.,3.9,191,0.8125,0.01563523248199083,0.4140676162409954,0.2926323571545514,0.8726526686313032
Kanto,Gunma,Manza Onsen,https://www.japan-guide.com/e/e7495.html,Hot spring resort with Japan's most sulfuric waters.,3.8,71,0.7916666666666666,0.0058120497707924035,0.3987393582187295,0.2800741172778869,0.8625491159135559
Kanto,Gunma,Shima Onsen,https://www.japan-guide.com/e/e7435.html,Calm hot spring town in a mountain valley.,3.7,44,0.7708333333333334,0.003601833660772757,0.38721758349705304,0.2715963354071163,0.8497810248853963
Kanto,Gunma,Minakami,https://www.japan-guide.com/e/e7460.html,Popular hot spring and outdoor resort.,3.4,294,0.7083333333333334,0.02406679764243615,0.36620006548788475,0.2589974214145383,0.8019932874918141
Kanto,Gunma,Ikaho Onsen,https://www.japan-guide.com/e/e7475.html,Hot spring resort famous for its stone stairs.,3.3,358,0.6875,0.029305828421741977,0.358402914210871,0.2537210420759659,0.7866179600523904
Kanto,Gunma,Tomioka,https://www.japan-guide.com/e/e7415.html,Site of a Japan's first modern silk factory.,3.1,56,0.6458333333333334,0.0045841519318926,0.325208742632613,0.22796605544640908,0.7681872134905043
Kanto,Tochigi,Nikko,https://www.japan-guide.com/e/e3800.html,"Site of Nikko Toshogu, Ieyasu's mausoleum.",4.4,3329,0.9166666666666667,0.2725114603798297,0.5945890635232483,0.4832047451429819,0.8504543222003931
Kanto,Tochigi,Nasu-Shiobara,https://www.japan-guide.com/e/e3840.html,Resort area with hiking trails and hot springs.,3.2,226,0.6666666666666667,0.018500327439423706,0.34258349705304525,0.24135014189041695,0.7768582187295351
Kanto,Tochigi,Kinugawa Onsen,https://www.japan-guide.com/e/e3875.html,Hot spring resort with theme parks near Nikko.,3.2,543,0.6666666666666667,0.044449901768172886,0.3555582842174198,0.2525949574328749,0.7677758677144728
Kanto,Tochigi,Utsunomiya,https://www.japan-guide.com/e/e3860.html,Prefectural capital of Tochigi Prefecture.,2.8,77,0.5833333333333334,0.006303208906352325,0.2948182711198428,0.2065566333769919,0.7269605435494434
Kanto,Ibaraki,Mito,https://www.japan-guide.com/e/e6200.html,Prefectural capital known for its nice garden.,3.2,265,0.6666666666666667,0.021692861820563195,0.34417976424361496,0.2427335734555774,0.7757408316961363
Kanto,Ibaraki,Ushiku Daibutsu,https://www.japan-guide.com/e/e6242.html,Japan's tallest bronze statue of Buddha,0.0,14,0.0,0.00114603798297315,0.000573018991486575,0.0,0.34959888670595934
Kanto,Ibaraki,Fukuroda Falls,https://www.japan-guide.com/e/e6250.html,One of Japan's top three waterfalls.,0.0,10,0.0,0.0008185985592665357,0.00040929927963326783,0.0,0.34971349050425665
Chubu,Aichi,Nagoya,https://www.japan-guide.com/e/e2155.html,Japan's third largest economic center.,3.3,3561,0.6875,0.2915029469548134,0.4895014734774067,0.37089037942043224,0.6948489685658154
Chubu,Aichi,Inuyama,https://www.japan-guide.com/e/e3350.html,Former castle town north of Nagoya.,3.5,658,0.7291666666666667,0.05386378519973805,0.39151522593320237,0.2807375231936258,0.8051060085134251
Chubu,Shizuoka,Izu Peninsula,https://www.japan-guide.com/e/e6310.html,Hot springs and natural scenery.,3.8,1192,0.7916666666666666,0.09757694826457106,0.44462180746561886,0.32729480462781047,0.8304314014407335
Chubu,Shizuoka,Shizuoka,https://www.japan-guide.com/e/e6350.html,Prefectural capital with views of Mount Fuji.,3.3,739,0.6875,0.060494433529796984,0.3739972167648985,0.26765844998362803,0.7757019482645711
Chubu,Shizuoka,Fujinomiya,https://www.japan-guide.com/e/e6365.html,City at the southern base of Mount Fuji.,3.2,266,0.6666666666666667,0.02177472167648985,0.3442206941715783,0.2427690460598123,0.7757121807465619
Chubu,Shizuoka,Lake Hamanako,https://www.japan-guide.com/e/e6375.html,A seaside lake with hot spring baths.,2.6,493,0.5416666666666667,0.04035690897184021,0.29101178781925346,0.20379232836716876,0.6879584151931893
Chubu,Shizuoka,Kakegawa,https://www.japan-guide.com/e/e6340.html,Small city famous for tea.,0.0,20,0.0,0.0016371971185330713,0.0008185985592665357,0.0,0.34942698100851344
Chubu,Gifu,Shirakawago & Gokayama,https://www.japan-guide.com/e/e5950.html,"Mountainous region, known for its farmhouses.",4.5,1067,0.9375,0.08734446627373936,0.5124222331368696,0.38135053413555986,0.9288044368041912
Chubu,Gifu,Takayama,https://www.japan-guide.com/e/e5900.html,Preserves one of Japan's nicest old towns.,4.2,1703,0.8750000000000001,0.13940733464309102,0.5072036673215455,0.38553792157825806,0.8699574328749182
Chubu,Gifu,Okuhida,https://www.japan-guide.com/e/e5940.html,Hot springs in the mountains above Takayama.,4.0,263,0.8333333333333334,0.02152914210870989,0.42743123772102165,0.3033282853088845,0.8841314669286182
Chubu,Gifu,Gujo-Hachiman,https://www.japan-guide.com/e/e5930.html,Small town in rural Japan with castle.,3.8,267,0.7916666666666666,0.021856581532416503,0.4067616240995416,0.288330365913556,0.8569335297969874
Chubu,Gifu,Furukawa,https://www.japan-guide.com/e/e5975.html,Small town 15 minutes north of Takayama.,3.6,161,0.75,0.013179436804191225,0.3815897184020956,0.2689249754420432,0.8328871971185331
Chubu,Gifu,Gero Onsen,https://www.japan-guide.com/e/e5990.html,Famous hot spring resort south of Takayama.,3.7,400,0.7708333333333334,0.03274394237066143,0.4017886378519974,0.2861977461253002,0.8395812868369352
Chubu,Niigata,Sado Island,https://www.japan-guide.com/e/e7675.html,Large island off the coast of Niigata.,3.9,243,0.8125,0.019891944990176817,0.4161959724950884,0.29488043344793713,0.8711628192534382
Chubu,Niigata,Yuzawa,https://www.japan-guide.com/e/e7690.html,One of Japan's leading ski resort towns.,3.6,344,0.75,0.028159790438768827,0.3890798952193844,0.2762278978388998,0.827644073346431
Chubu,Niigata,Echigo Tsumari,https://www.japan-guide.com/e/e7650.html,Idyllic countryside staging modern art.,3.5,86,0.7291666666666667,0.007039947609692207,0.36810330713817946,0.25854497516917707,0.8214943516699411
Chubu,Niigata,Myoko,https://www.japan-guide.com/e/e7642.html,Volcano with multiple ski areas along its slopes,0.0,9,0.0,0.0007367387033398821,0.00036836935166994106,0.0,0.34974214145383103
Chubu,Nagano,Kamikochi,https://www.japan-guide.com/e/e6040.html,Popular mountain resort in the Japanese Alps.,4.4,530,0.9166666666666667,0.04338572364112639,0.48002619515389655,0.3466839936695045,0.9306483300589392
Chubu,Nagano,Kiso Valley,https://www.japan-guide.com/e/e6075.html,Valley with nicely preserved post towns.,4.4,567,0.9166666666666667,0.046414538310412576,0.48154060248853964,0.3484886624099542,0.9295882449246891
Chubu,Nagano,Yamanouchi,https://www.japan-guide.com/e/e6025.html,Home of hot spring bathing monkeys.,4.2,358,0.8750000000000001,0.029305828421741977,0.45215291421087106,0.32291768991486575,0.9084929600523903
Chubu,Nagano,Matsumoto,https://www.japan-guide.com/e/e6050.html,City famous for its beautiful original castle.,3.8,1366,0.7916666666666666,0.11182056319580877,0.4517436149312377,0.33462433147784326,0.8254461362148002
Chubu,Nagano,Hakuba,https://www.japan-guide.com/e/e6090.html,One of Japan's best ski resorts.,3.7,660,0.7708333333333334,0.054027504911591355,0.41243041912246237,0.2968616977734119,0.8321320399476098
Chubu,Nagano,Nagano,https://www.japan-guide.com/e/e6000.html,Former olympic city famous for its temple.,3.5,1766,0.7291666666666667,0.14456450556647021,0.43686558611656845,0.32372588545077496,0.7733607563850688
Chubu,Nagano,Takato Castle Park,https://www.japan-guide.com/e/e6065.html,Castle ruins covered by cherry trees.,4.0,35,0.8333333333333334,0.002865094957432875,0.41809921414538315,0.2932185931019428,0.8906638834315652
Chubu,Nagano,Nozawa Onsen,https://www.japan-guide.com/destinations/nozawa-onsen/,Old fashioned hot spring and ski resort.,3.8,230,0.7916666666666666,0.01882776686313032,0.4052472167648985,0.2867717883649858,0.8579936149312377
Chubu,Nagano,Obuse,https://www.japan-guide.com/e/e6020.html,Pleasant town famous for chestnuts and Hokusai.,3.8,125,0.7916666666666666,0.010232481990831696,0.40094957432874917,0.2823487980244488,0.8610019646365421
Chubu,Nagano,Norikura,https://www.japan-guide.com/e/e6045.html,Mountain and highland in the Northern Japan Alps.,3.7,110,0.7708333333333334,0.009004584151931892,0.3899189587426326,0.2743033385177909,0.8478900622134906
Chubu,Nagano,Karuizawa,https://www.japan-guide.com/e/e6030.html,Upmarket mountain resort town.,3.5,915,0.7291666666666667,0.07490176817288802,0.4020342174197774,0.29070865054027506,0.7977427144728225
Chubu,Nagano,Bessho Onsen,https://www.japan-guide.com/e/e6070.html,Small hot spring town with beautiful temples.,3.4,107,0.7083333333333334,0.008759004584151932,0.35854616895874264,0.25194945836061994,0.8073510150622135
Chubu,Nagano,Togura Kamiyamada,https://www.japan-guide.com/e/e6071.html,Foreigner-friendly onsen town with historic fortress.,3.0,33,0.625,0.0027013752455795677,0.3138506876227898,0.21984743369351667,0.7553045186640471
Chubu,Yamanashi,Mount Fuji,https://www.japan-guide.com/e/e2172.html,The country's most iconic landmark.,4.5,1556,0.9375,0.12737393582187295,0.5324369679109364,0.4057434921414538,0.9147941224623444
Chubu,Yamanashi,Fuji Five Lakes,https://www.japan-guide.com/e/e6900.html,Lake resort at the foot of Mount Fuji.,4.1,2720,0.8541666666666666,0.2226588081204977,0.5384127373935822,0.4225803590919013,0.827277750491159
Chubu,Yamanashi,Kofu,https://www.japan-guide.com/e/e6950.html,Prefectural capital surrounded by vineyards.,2.9,185,0.6041666666666666,0.015144073346430911,0.30965537000654875,0.21740553713708793,0.7374079076620825
Chubu,Toyama,Alpine Route,https://www.japan-guide.com/e/e7550.html,Spectacular route through the Northern Alps.,4.5,442,0.9375,0.03618205631958088,0.48684102815979047,0.3501734405697446,0.9467112802881467
Chubu,Toyama,Kurobe Gorge,https://www.japan-guide.com/e/e7575.html,Scenic gorge with a small sightseeing train.,4.2,207,0.8750000000000001,0.01694499017681729,0.4459724950884087,0.3158874631630649,0.9128192534381141
Chubu,Toyama,Takaoka,https://www.japan-guide.com/e/e7525.html,Famous for its bronze casting industry.,3.1,55,0.6458333333333334,0.004502292075965946,0.3251678127046497,0.22793169136105654,0.7682158644400786
Chubu,Toyama,Toyama,https://www.japan-guide.com/e/e7500.html,Capital city of Toyama Prefecture.,3.0,155,0.625,0.012688277668631303,0.31884413883431567,0.22390461280288143,0.751809102815979
Chubu,Ishikawa,Kanazawa,https://www.japan-guide.com/e/e2167.html,City rich in culture and history.,4.1,2030,0.8541666666666666,0.16617550753110674,0.5101710870988867,0.39122035991049986,0.8470469056974459
Chubu,Ishikawa,Noto Peninsula,https://www.japan-guide.com/e/e4250.html,Rural peninsula with beautiful coastlines.,3.8,302,0.7916666666666666,0.024721676489849378,0.408194171578258,0.2898046960270683,0.855930746561886
Chubu,Ishikawa,Kaga Onsen,https://www.japan-guide.com/e/e4275.html,A collection of four historic hot spring towns.,3.4,217,0.7083333333333334,0.017763588736083826,0.3630484610347086,0.2560953189805719,0.8041994106090373
Chubu,Fukui,Fukui,https://www.japan-guide.com/e/e6600.html,Prefectural capital nearby Eiheiji Temple.,3.2,461,0.6666666666666667,0.03773739358218729,0.352202030124427,0.2496862038856145,0.7701252455795679
Chubu,Fukui,Tsuruga,https://www.japan-guide.com/e/e6650.html,Mid-sized city with a prominent port.,0.0,9,0.0,0.0007367387033398821,0.00036836935166994106,0.0,0.34974214145383103
Kansai,Kyoto,Kyoto,https://www.japan-guide.com/e/e2158.html,For over 1000 years the capital of Japan.,4.8,9699,1.0,0.793958742632613,0.8969793713163066,0.8660731827111985,0.7221144400785855
Kansai,Kyoto,Uji,https://www.japan-guide.com/e/e3975.html,City south of Kyoto known for its temple and tea.,4.0,1455,0.8333333333333334,0.11910609037328095,0.47621971185330714,0.3561824656188605,0.8499795350360184
Kansai,Kyoto,Amanohashidate,https://www.japan-guide.com/e/e3990.html,One of Japan's three most scenic views.,3.9,593,0.8125,0.04854289456450556,0.4305214472822528,0.3100117161918795,0.8611349869024232
Kansai,Kyoto,Miyama,https://www.japan-guide.com/e/e3985.html,Rural town with lots of thatched roof houses.,4.0,42,0.8333333333333334,0.00343811394891945,0.4183857236411264,0.293528978388998,0.890463326784545
Kansai,Osaka,Osaka,https://www.japan-guide.com/e/e2157.html,Largest city of the Kinki Region.,4.1,7535,0.8541666666666666,0.6168140144073346,0.7354903405370006,0.6414186142490721,0.6893234282907662
Kansai,Nara,Nara,https://www.japan-guide.com/e/e2165.html,Japan's first permanent capital.,4.4,5928,0.9166666666666667,0.48526522593320237,0.7009659462999346,0.6099705304518664,0.7759905042567126
Kansai,Nara,Yoshino,https://www.japan-guide.com/e/e4150.html,Japan's most famous cherry blossom spot.,4.1,370,0.8541666666666666,0.030288146692861822,0.44222740667976423,0.31577456477843263,0.8946074819908316
Kansai,Nara,Asuka and Sakurai,https://www.japan-guide.com/e/e4175.html,The cradle of Japanese civilization.,3.7,421,0.7708333333333334,0.034462999345121155,0.4026481663392273,0.2870590652968784,0.8389796168958743
Kansai,Hyogo,Kinosaki,https://www.japan-guide.com/e/e3525.html,"Pleasant, old-fashioned hot spring resort.",4.1,502,0.8541666666666666,0.04109364767518009,0.44763015717092336,0.3217738689696572,0.8908255566470202
Kansai,Hyogo,Himeji,https://www.japan-guide.com/e/e3500.html,Site of Japan's most beautiful feudal castle.,4.1,3022,0.8541666666666666,0.2473804846103471,0.5507735756385068,0.4363060398930364,0.8186251637197117
Kansai,Hyogo,Takeda Castle Ruins,https://www.japan-guide.com/e/e3592.html,Hilltop castle ruins sometimes floating on a sea of clouds.,4.4,32,0.9166666666666667,0.0026195153896529143,0.4596430910281598,0.3223941279196682,0.9449165029469548
Kansai,Hyogo,Kobe,https://www.japan-guide.com/e/e2159.html,"Harbor city, recovered from 1995 earthquake.",3.8,3619,0.7916666666666666,0.2962508185985593,0.5439587426326129,0.4295290670705086,0.7608955468238375
Kansai,Shiga,Omi Hachiman,https://www.japan-guide.com/e/e7075.html,Former merchant town with pretty canal,3.8,34,0.7916666666666666,0.002783235101506221,0.39722495088408644,0.27851553972931675,0.863609201047806
Kansai,Shiga,Hikone,https://www.japan-guide.com/e/e7000.html,Castle town at the shores of Lake Biwa.,3.6,762,0.75,0.06237721021611002,0.406188605108055,0.29290888998035364,0.8156679764243615
Kansai,Shiga,Koka,https://www.japan-guide.com/e/e7025.html,Rural city known as a homeland of the ninja.,3.1,136,0.6458333333333334,0.011132940406024885,0.3284831368696791,0.23071518227461252,0.765895137524558
Kansai,Wakayama,Mount Koya,https://www.japan-guide.com/e/e4900.html,Atmospheric temple mountain.,4.6,1109,0.9583333333333333,0.09078258022265881,0.524557956777996,0.39196664893036454,0.941142763588736
Kansai,Wakayama,Kumano,https://www.japan-guide.com/e/e4950.html,Pilgrimage destination on the Kii Peninsula.,4.2,395,0.8750000000000001,0.03233464309102816,0.45366732154551415,0.32464032825802225,0.9074328749181402
Kansai,Mie,Ise Shima,https://www.japan-guide.com/e/e4310.html,Site of Japan's most sacred Shinto shrines.,3.8,1390,0.7916666666666666,0.11378519973804846,0.45272593320235754,0.33563530069853736,0.8247585134250164
Kansai,Mie,Iga Ueno,https://www.japan-guide.com/e/e4350.html,Former castle town famous for ninja.,3.4,606,0.7083333333333334,0.04960707269155206,0.3789702030124427,0.2707565897184021,0.7930541912246234
Chugoku,Okayama,Inujima Island,https://www.japan-guide.com/e/e5725.html,Small island turned into a modern art site.,4.3,53,0.8958333333333334,0.004338572364112639,0.450085952848723,0.31606798119951973,0.9307731663392274
Chugoku,Okayama,Bitchu-Takahashi,https://www.japan-guide.com/e/e5775.html,Pretty town with original mountaintop castle.,4.0,124,0.8333333333333334,0.010150622134905042,0.4217419777341192,0.29716492032307357,0.88811394891945
Chugoku,Okayama,Kurashiki,https://www.japan-guide.com/e/e5750.html,"City with a picturesque, historic canal area.",3.7,997,0.7708333333333334,0.08161427635887361,0.4262238048461035,0.3106838197173106,0.822476669941061
Chugoku,Okayama,Okayama,https://www.japan-guide.com/e/e5700.html,Famous for one of Japan's three best gardens.,3.5,1402,0.7291666666666667,0.1147675180091683,0.4219670923379175,0.30960335488976204,0.7837897020301244
Chugoku,Hiroshima,Miyajima,https://www.japan-guide.com/e/e3401.html,Island known for its shrine and large torii gate.,4.7,3125,0.9791666666666667,0.2558120497707924,0.6174893582187295,0.5055220441770356,0.8969241159135559
Chugoku,Hiroshima,Hiroshima,https://www.japan-guide.com/e/e2160.html,Regional capital with a tragic history.,4.2,4649,0.8750000000000001,0.38056647020301243,0.6277832351015062,0.5226971799279634,0.7855517354289457
Chugoku,Hiroshima,Onomichi,https://www.japan-guide.com/e/e3475.html,Port town with many slopes and temples.,3.7,516,0.7708333333333334,0.04223968565815324,0.4065365094957433,0.29095550916830387,0.8362577766863131
Chugoku,Hiroshima,Tomonoura,https://www.japan-guide.com/e/e3432.html,"Picturesque, old-fashioned fishing town.",3.5,99,0.7291666666666667,0.008104125736738703,0.3686353962017027,0.25904935126064177,0.8211218893254748
Chugoku,Hiroshima,Fukuyama,https://www.japan-guide.com/e/e3430.html,Second largest city in Hiroshima Prefecture.,3.2,141,0.6666666666666667,0.011542239685658153,0.33910445317616245,0.23833497053045188,0.779293549443353
Chugoku,Yamaguchi,Akiyoshidai,https://www.japan-guide.com/e/e6130.html,Karst plateau with large limestone cave.,3.8,152,0.7916666666666666,0.012442698100851343,0.40205468238375897,0.28348613839772974,0.8602283889980353
Chugoku,Yamaguchi,Hagi,https://www.japan-guide.com/e/e6150.html,Castle town with preserved samurai district.,3.6,421,0.75,0.034462999345121155,0.3922314996725606,0.27930071218074654,0.8254379502292076
Chugoku,Yamaguchi,Iwakuni,https://www.japan-guide.com/e/e6175.html,Site of the picturesque Kintai-kyo Bridge.,3.6,577,0.75,0.04723313686967911,0.39861656843483956,0.28552615422396854,0.8209684020956123
Chugoku,Yamaguchi,Motonosumi Shrine,https://www.japan-guide.com/destinations/motonosumi-shrine/,Remote shrine along the coast with tunnel of torii gates,3.9,13,0.8125,0.0010641781270464964,0.40678208906352326,0.2849370190733464,0.8777525376555337
Chugoku,Yamaguchi,Yamaguchi,https://www.japan-guide.com/e/e6100.html,Pleasant city at the western end of Honshu.,3.2,588,0.6666666666666667,0.0481335952848723,0.3574001309757695,0.2541912246234447,0.766486574983628
Chugoku,Yamaguchi,Shimonoseki,https://www.japan-guide.com/e/e6140.html,City at the westernmost tip of Honshu.,3.2,32,0.6666666666666667,0.0026195153896529143,0.3346430910281598,0.23446845666884963,0.7824165029469549
Chugoku,Tottori,Mount Daisen,https://www.japan-guide.com/e/e8150.html,Tallest mountain in the Chugoku Region.,3.5,186,0.7291666666666667,0.015225933202357564,0.37219629993451214,0.2624247912573674,0.8186292567125082
Chugoku,Tottori,Tottori,https://www.japan-guide.com/e/e8100.html,Prefectural capital known for its sand dunes.,3.4,504,0.7083333333333334,0.0412573673870334,0.3747953503601834,0.2669122462344466,0.795976588081205
Chugoku,Shimane,Izumo,https://www.japan-guide.com/e/e5830.html,"Site of Izumo Taisha, Japan's oldest shrine.",3.8,426,0.7916666666666666,0.03487229862475442,0.4132694826457105,0.29502803700065483,0.8523780288146692
Chugoku,Shimane,Matsue,https://www.japan-guide.com/e/e5800.html,Former castle town near Izumo Taisha.,3.8,604,0.7916666666666666,0.049443352979698756,0.42055500982318267,0.3025260587208033,0.8472781597904386
Chugoku,Shimane,Tsuwano,https://www.japan-guide.com/e/e5875.html,Rural town with nice samurai district.,3.8,100,0.7916666666666666,0.008185985592665358,0.399926326129666,0.2812957050862257,0.8617182383759003
Chugoku,Shimane,Iwami Ginzan,https://www.japan-guide.com/e/e5850.html,Former silver mine with world heritage status.,3.5,154,0.7291666666666667,0.01260641781270465,0.3708865422396857,0.2611832501091465,0.8195460870988867
Shikoku,Kagawa,Naoshima,https://www.japan-guide.com/e/e5475.html,Small island with a lot of modern art.,4.2,312,0.8750000000000001,0.025540275049115914,0.450270137524558,0.3207760314341847,0.9098109037328095
Shikoku,Kagawa,Kotohira,https://www.japan-guide.com/e/e5450.html,Site of Shikoku's most popular shrine.,3.7,391,0.7708333333333334,0.03200720366732154,0.40142026850032747,0.2858286093374809,0.8398391453831042
Shikoku,Kagawa,Takamatsu,https://www.japan-guide.com/e/e5400.html,Capital of Kagawa Prefecture.,3.4,859,0.7083333333333334,0.07031761624099542,0.3893254747871644,0.2802920691442916,0.7858055009823183
Shikoku,Kagawa,Shodoshima,https://www.japan-guide.com/e/e5430.html,Island in the Seto Inland Sea know for olives.,3.6,223,0.75,0.018254747871643745,0.38412737393582186,0.2713991895874263,0.8311108382449247
Shikoku,Kagawa,Marugame,https://www.japan-guide.com/e/e5465.html,"Port city in Kagawa, known for its castle.",3.0,148,0.625,0.012115258677144728,0.31855762933857235,0.22367182383759004,0.7520096594629994
Shikoku,Ehime,Matsuyama,https://www.japan-guide.com/e/e5500.html,Largest city of Shikoku with a beautiful castle.,3.8,809,0.7916666666666666,0.06622462344466273,0.4289456450556647,0.3111614208142327,0.8414047151277013
Shikoku,Ehime,Uchiko,https://www.japan-guide.com/e/e5550.html,Countryside town formerly known for its wax.,3.6,126,0.75,0.01031434184675835,0.3801571709233792,0.26752824165029465,0.8338899803536346
Shikoku,Ehime,Ozu,https://www.japan-guide.com/e/e5525.html,"Small city with nice castle, old town and villa.",3.2,55,0.6666666666666667,0.004502292075965946,0.33558447937131636,0.23528432656625192,0.7817575311067453
Shikoku,Ehime,Uwajima,https://www.japan-guide.com/e/e5575.html,Secluded port town with original castle.,3.2,82,0.6666666666666667,0.006712508185985593,0.33668958742632615,0.23624208688059378,0.7809839554682385
Shikoku,Kochi,Kochi,https://www.japan-guide.com/e/e5600.html,Nice city with a southern flair.,3.7,724,0.7708333333333334,0.05926653569089718,0.41504993451211525,0.2994866704867933,0.8302983791748526
Shikoku,Tokushima,Iya Valley,https://www.japan-guide.com/e/e7825.html,Remote valley in the center of Shikoku.,4.2,151,0.8750000000000001,0.012360838244924689,0.4436804191224624,0.31328022675180095,0.9144237066142764
Shikoku,Tokushima,Naruto,https://www.japan-guide.com/e/e7850.html,City well known for its whirlpools.,3.3,432,0.6875,0.03536345776031434,0.3614317288801572,0.2564280451866404,0.78449778978389
Shikoku,Tokushima,Tokushima,https://www.japan-guide.com/e/e7800.html,A city best known for its dance festival.,3.1,453,0.6458333333333334,0.037082514734774065,0.34145792403405373,0.2416085973313687,0.7568127865094958
Kyushu,Fukuoka,Fukuoka,https://www.japan-guide.com/e/e2161.html,Kyushu's largest and most vibrant city.,3.7,2757,0.7708333333333334,0.22568762278978388,0.4982604780615586,0.38287056933529795,0.7720509986902423
Kyushu,Fukuoka,Dazaifu,https://www.japan-guide.com/e/e4850.html,Historic town south of Fukuoka.,3.7,965,0.7708333333333334,0.0789947609692207,0.424914047151277,0.30937133336061995,0.8233935003274394
Kyushu,Fukuoka,Munakata Taisha,https://www.japan-guide.com/e/e4840.html,"Three shrines and a sacred, off-limit island.",3.4,20,0.7083333333333334,0.0016371971185330713,0.3549852652259332,0.24867045950665795,0.8098436476751801
Kyushu,Fukuoka,Kitakyushu,https://www.japan-guide.com/e/e4875.html,Industrial city in the north of Kyushu.,3.1,407,0.6458333333333334,0.033316961362148005,0.3395751473477407,0.2400278494051517,0.758130730189915
Kyushu,Saga,Yutoku Inari Shrine,https://www.japan-guide.com/e/e8390.html,One of Japan's three best Inari shrines.,4.3,37,0.8958333333333334,0.003028814669286182,0.44943107400130977,0.31530532020846974,0.9312315815324166
Kyushu,Saga,Yoshinogari Park,https://www.japan-guide.com/e/e8325.html,Best archeological site about the Yayoi Period.,3.1,172,0.6458333333333334,0.014079895219384414,0.3299566142763589,0.23195228934730408,0.7648637033398822
Kyushu,Saga,Arita and Imari,https://www.japan-guide.com/e/e8300.html,One of Japan's most famous area for pottery.,3.7,143,0.7708333333333334,0.01170595939751146,0.39126964636542244,0.27565684007312813,0.8469445808775377
Kyushu,Saga,Ureshino Onsen,https://www.japan-guide.com/e/e8380.html,Onsen town with very smooth hot spring waters.,3.6,32,0.75,0.0026195153896529143,0.37630975769482644,0.26377701375245577,0.8365831696136214
Kyushu,Saga,Karatsu,https://www.japan-guide.com/e/e8375.html,Coastal city known for castles and pottery.,3.2,74,0.6666666666666667,0.006057629338572364,0.33636214800261954,0.2359583060467147,0.7812131630648331
Kyushu,Saga,Takeo Onsen,https://www.japan-guide.com/e/e8385.html,Onsen town with smooth waters and long history.,2.9,37,0.6041666666666666,0.003028814669286182,0.3035977406679764,0.21264777409408422,0.7416482481990831
Kyushu,Nagasaki,Nagasaki,https://www.japan-guide.com/e/e2162.html,Attractive port city with a moving history.,4.1,2078,0.8541666666666666,0.17010478061558612,0.5121357236411264,0.3934019250709452,0.8456716601178782
Kyushu,Nagasaki,Huis Ten Bosch,https://www.japan-guide.com/e/e4477.html,Amusement Park themed after a Dutch town.,3.5,215,0.7291666666666667,0.017599869024230518,0.3733832678454486,0.2635499379229426,0.8177983791748527
Kyushu,Nagasaki,Shimabara Peninsula,https://www.japan-guide.com/e/e4450.html,Peninsula with active volcano near Nagasaki City.,3.7,165,0.7708333333333334,0.013506876227897839,0.3921701047806156,0.276559174443353,0.8463142599869025
Kyushu,Nagasaki,Hirado,https://www.japan-guide.com/e/e4490.html,Former site of the Dutch trading post.,3.5,33,0.7291666666666667,0.0027013752455795677,0.36593402095612315,0.25648867264243613,0.8230128519973805
Kyushu,Nagasaki,Goto Islands,https://www.japan-guide.com/e/e4440.html,Remote islands off the coast of Kyushu.,0.0,10,0.0,0.0008185985592665357,0.00040929927963326783,0.0,0.34971349050425665
Kyushu,Kumamoto,Kurokawa Onsen,https://www.japan-guide.com/e/e4575.html,Hot spring town with attractive town and baths.,4.3,235,0.8958333333333334,0.01923706614276359,0.45753519973804846,0.32474324997271337,0.9255586935166995
Kyushu,Kumamoto,Aso,https://www.japan-guide.com/e/e4550.html,Active volcano with a huge ancient caldera.,3.8,1093,0.7916666666666666,0.08947282252783235,0.4405697445972495,0.32312455659244704,0.833267845448592
Kyushu,Kumamoto,Kumamoto,https://www.japan-guide.com/e/e4500.html,Modern city most famous for its castle.,3.7,1413,0.7708333333333334,0.1156679764243615,0.4432506548788474,0.32774614235428945,0.8105578749181401
Kyushu,Kumamoto,Amakusa,https://www.japan-guide.com/e/e4590.html,Remote islands with a large Christian population.,4.0,48,0.8333333333333334,0.003929273084479371,0.41863130320890635,0.29379502292075965,0.8902914210870989
Kyushu,Kumamoto,Minamata,https://www.japan-guide.com/e/e4525.html,From pollution site to environmental model city.,2.9,67,0.6041666666666666,0.005484610347085789,0.3048256385068762,0.21361218552172012,0.7407887197118532
Kyushu,Oita,Yufuin,https://www.japan-guide.com/e/e4750.html,Rural yet trendy hot spring town near Beppu.,4.1,520,0.8541666666666666,0.042567125081859856,0.44836689587426326,0.32259195590482426,0.8903098395546823
Kyushu,Oita,Beppu,https://www.japan-guide.com/e/e4700.html,Japan's capital city of hot springs.,3.8,1473,0.7916666666666666,0.1205795677799607,0.45612311722331367,0.33913156925343807,0.8223804846103471
Kyushu,Oita,Kunisaki Peninsula,https://www.japan-guide.com/e/e4720.html,"Interesting, rural peninsula north of Beppu.",3.7,63,0.7708333333333334,0.005157170923379175,0.3879952521283563,0.27237562418140143,0.8492366568434839
Kyushu,Oita,Usuki,https://www.japan-guide.com/e/e4740.html,Town known for its unique stone Buddhas.,3.7,53,0.7708333333333334,0.004338572364112639,0.387585952848723,0.2719654721949356,0.8495231663392273
Kyushu,Oita,Kuju Mountains,https://www.japan-guide.com/e/e4775.html,Volcanic mountain range in Kyushu.,3.6,121,0.75,0.009905042567125082,0.37995252128356255,0.2673287082514735,0.8340332351015063
Kyushu,Miyazaki,Takachiho,https://www.japan-guide.com/e/e8050.html,Mountain town steeped in mythology.,4.2,295,0.8750000000000001,0.024148657498362803,0.44957432874918146,0.31998454895219386,0.9102979698755731
Kyushu,Miyazaki,Udo Shrine,https://www.japan-guide.com/e/e8032.html,Shrine constructed in a cliff side cave.,3.6,102,0.75,0.008349705304518664,0.3791748526522593,0.26657048133595285,0.8345776031434184
Kyushu,Miyazaki,Miyazaki,https://www.japan-guide.com/e/e8000.html,City in southeastern Kyushu.,3.4,589,0.7083333333333334,0.04821545514079895,0.37827439423706616,0.27011586580440955,0.793541257367387
Kyushu,Kagoshima,Yakushima,https://www.japan-guide.com/e/e4650.html,Subtropical island with ancient cedar forest.,4.7,311,0.9791666666666667,0.02545841519318926,0.502312540929928,0.3589115538364986,0.9775478880157171
Kyushu,Kagoshima,Amami Oshima,https://www.japan-guide.com/e/e4690.html,Subtropical island between Kagoshima and Okinawa.,0.0,26,0.0,0.002128356254092993,0.0010641781270464964,0.0,0.3492550753110674
Kyushu,Kagoshima,Kirishima,https://www.japan-guide.com/e/e4625.html,National Park with volcanic mountain range.,3.8,294,0.7916666666666666,0.02406679764243615,0.4078667321545514,0.2894677062868369,0.8561599541584806
Kyushu,Kagoshima,Kagoshima,https://www.japan-guide.com/e/e4600.html,Southernmost of Kyushu's major cities.,3.8,1272,0.7916666666666666,0.10412573673870335,0.44789620170268496,0.3306647020301244,0.8281393254747871
Kyushu,Kagoshima,Satsuma Peninsula,https://www.japan-guide.com/e/e4675.html,Rural peninsula with hot springs in southern Kyushu.,3.8,178,0.7916666666666666,0.014571054354944336,0.4031188605108055,0.28458135505348175,0.8594834643091027
Kyushu,Kagoshima,Tokunoshima,https://www.japan-guide.com/e/e4699.html,Subtropical island south of Amami-Oshima,0.0,5,0.0,0.00040929927963326783,0.00020464963981663392,0.0,0.34985674525212834
Okinawa,Okinawa,Yaeyama Islands,https://www.japan-guide.com/e/e7200.html,Okinawa's southernmost island group.,4.7,248,0.9791666666666667,0.020301244269810084,0.4997339554682384,0.3556292294258896,0.9793528978388998
Okinawa,Okinawa,Kerama Islands,https://www.japan-guide.com/e/e7190.html,Small island group with beautiful beaches.,4.5,39,0.9375,0.0031925343811394892,0.47034626719056977,0.3300704506385069,0.9582576129666012
Okinawa,Okinawa,Okinawa Island,https://www.japan-guide.com/e/e7101.html,Okinawa Prefecture's main island.,4.5,2016,0.9375,0.1650294695481336,0.5512647347740668,0.4286898330058939,0.9016146856581533
Okinawa,Okinawa,Miyako Island,https://www.japan-guide.com/e/e7300.html,Subtropical island with excellent beaches.,4.4,169,0.9166666666666667,0.013834315651604452,0.4652504911591356,0.3290762797424143,0.9409913228552719
Okinawa,Okinawa,Kume Island,https://www.japan-guide.com/e/e7175.html,Small island west of Okinawa Honto.,4.0,56,0.8333333333333334,0.0045841519318926,0.418958742632613,0.29414974896310847,0.8900622134905043
