Region,Prefecture,City,Link,Description,Rating,Visits,Recommendation,Latitude,Longitude
Hokkaido,Cities and Resort Towns,Niseko,https://www.japan-guide.com/e/e6720.html,Leading snow resort with lots of powder snow.,4.1,373,Recommended,42.804684,140.6873034
Hokkaido,Cities and Resort Towns,Sapporo,https://www.japan-guide.com/e/e2163.html,The largest city on the island of Hokkaido.,4.0,"2,572",Recommended,43.061936,141.3542924
Hokkaido,Cities and Resort Towns,Furano,https://www.japan-guide.com/e/e6825.html,Towns with beautiful lavender and flower fields.,4.0,886,Recommended,43.3419744,142.383188
Hokkaido,Cities and Resort Towns,Noboribetsu,https://www.japan-guide.com/e/e6750.html,Hokkaido's most famous hot spring resort.,4.0,619,Recommended,42.4127547,141.1064964
Hokkaido,Cities and Resort Towns,Hakodate,https://www.japan-guide.com/e/e5350.html,Southernmost city on Hokkaido.,3.9,"1,408",Recommended,41.768793,140.729008
Hokkaido,Cities and Resort Towns,Otaru,https://www.japan-guide.com/e/e6700.html,Harbor city near Sapporo with a canal.,3.9,"1,421",Recommended,43.1906806,140.9946021
Hokkaido,Cities and Resort Towns,Matsumae,https://www.japan-guide.com/e/e5380.html,The only former castle town on Hokkaido.,3.6,39,,41.430042,140.1103918
Hokkaido,Cities and Resort Towns,Asahikawa,https://www.japan-guide.com/e/e6890.html,City in central Hokkaido famous for its zoo.,3.5,638,,43.770625,142.3649743
Hokkaido,Cities and Resort Towns,Rusutsu,https://www.japan-guide.com/e/e6715.html,Attractive ski resort near Niseko.,3.4,146,,42.7374243,140.8754821
Hokkaido,Cities and Resort Towns,Jozankei Onsen,https://www.japan-guide.com/e/e6745.html,Hot spring resort in the mountains outside central Sapporo.,3.4,204,,42.9648301,141.1601262
Hokkaido,Cities and Resort Towns,Tomamu,https://www.japan-guide.com/e/e6845.html,Large ski resort in central Hokkaido.,3.3,58,,43.0560212,142.6113159
Hokkaido,Cities and Resort Towns,Kushiro,https://www.japan-guide.com/e/e6790.html,City in eastern Hokkaido near a large marshland,3.2,337,,42.9849503,144.3820491
Hokkaido,Cities and Resort Towns,Abashiri,https://www.japan-guide.com/e/e6865.html,Known for its prison and drift ice in winter.,3.0,500,,44.0206027,144.2732035
Hokkaido,National Parks,Shiretoko,https://www.japan-guide.com/e/e6850.html,National park on an unspoiled peninsula.,4.3,360,Highly Recommended,44.3450893,145.3297798
Hokkaido,National Parks,Daisetsuzan,https://www.japan-guide.com/e/e6775.html,Hokkaido's largest and wildest national park.,4.1,363,Highly Recommended,43.5283384,142.9940409
Hokkaido,National Parks,Onuma Park,https://www.japan-guide.com/e/e5356.html,National park 20 kilometers north of Hakodate.,3.8,147,Recommended,41.9853726,140.6570209
Hokkaido,National Parks,Lake Toya,https://www.japan-guide.com/e/e6725.html,"Site of Mount Usu, an active volcano.",3.6,437,Recommended,42.6019661,140.8956911
Hokkaido,National Parks,Lake Shikotsu,https://www.japan-guide.com/e/e6736.html,Picturesque caldera lake near Sapporo.,3.4,188,Recommended,42.7538546,141.3275269
Tohoku,Aomori,Towada,https://www.japan-guide.com/e/e3776.html,Caldera lake famous for autumn colors.,4.0,382,Recommended,40.6127405,141.206023
Tohoku,Aomori,Hirosaki,https://www.japan-guide.com/e/e3701.html,Former castle town in Northern Tohoku.,3.7,470,Recommended,40.6030543,140.4640389
Tohoku,Aomori,Shirakami Sanchi,https://www.japan-guide.com/e/e3790.html,Mountain range with virgin beech forests.,3.9,118,,40.4551895,140.1473672
Tohoku,Aomori,Aomori,https://www.japan-guide.com/e/e3750.html,City best known for its Nebuta Matsuri.,3.5,813,,40.8222833,140.7472027
Tohoku,Akita,Hachimantai,https://www.japan-guide.com/e/e3651.html,Mountainous region with rustic hot springs.,3.8,261,Recommended,40.1433289,140.8044196
Tohoku,Akita,Kakunodate,https://www.japan-guide.com/e/e3601.html,City with nicely preserved samurai district.,3.7,371,Recommended,39.5917435,140.5711801
Tohoku,Akita,Akita,https://www.japan-guide.com/e/e3625.html,Prefectural capital best known for its festival.,3.2,576,,39.7197629,140.1034669
Tohoku,Iwate,Sanriku Coast,https://www.japan-guide.com/e/e5025.html,Pacific coastline that was hit by the 2011 tsunami.,4.0,200,Recommended,39.6096396,141.93299
Tohoku,Iwate,Hiraizumi,https://www.japan-guide.com/e/e5000.html,Tohoku's former cultural and political capital.,3.9,468,Recommended,38.9865464,141.1138244
Tohoku,Iwate,Appi Kogen,https://www.japan-guide.com/e/e5095.html,Leading ski resort in the Tohoku Region.,3.5,39,Recommended,40.0033679,140.9782562
Tohoku,Iwate,Tono,https://www.japan-guide.com/e/e5060.html,Rural town known for its folktales and legends.,4.2,44,,39.3306091,141.5314591
Tohoku,Iwate,Kitakami,https://www.japan-guide.com/e/e5077.html,Popular cherry blossom spot in the Tohoku Region.,3.3,93,,39.2866832,141.1135121
Tohoku,Iwate,Morioka,https://www.japan-guide.com/e/e5050.html,Prefectural capital famous for noodle dishes.,3.0,204,,39.7021331,141.1545397
Tohoku,Yamagata,Yamadera,https://www.japan-guide.com/e/e7940.html,Scenic temple on a steep mountainside.,4.5,403,Highly Recommended,38.3095946,140.434729
Tohoku,Yamagata,Dewa Sanzan,https://www.japan-guide.com/e/e7900.html,Three sacred mountains with shrines.,4.4,156,Highly Recommended,38.7016566,139.9829844
Tohoku,Yamagata,Ginzan Onsen,https://www.japan-guide.com/e/e7975.html,"One of Japan's nicest, old-fashioned onsen towns.",4.1,65,Recommended,38.6017889,140.4853461
Tohoku,Yamagata,Zao,https://www.japan-guide.com/e/e7925.html,Volcano with hot spring and ski resort.,3.9,455,Recommended,38.2059569,140.3036231
Tohoku,Yamagata,Kaminoyama Onsen,https://www.japan-guide.com/e/e7980.html,Onsen town with castle and fruit farms.,3.7,28,,38.1520989,140.2785301
Tohoku,Yamagata,Sakata,https://www.japan-guide.com/e/e7990.html,Commercial center at the Sea of Japan coast.,3.5,21,,38.9147229,139.8364101
Tohoku,Miyagi,Matsushima,https://www.japan-guide.com/e/e5100.html,Scenic bay dotted by pine clad islets.,4.0,931,Recommended,38.3801612,141.067129
Tohoku,Miyagi,Sendai,https://www.japan-guide.com/e/e5150.html,Largest city in the Tohoku Region.,3.5,"1,675",,38.2677554,140.8691498
Tohoku,Fukushima,Aizu,https://www.japan-guide.com/e/e7700.html,Small city known for its samurai history.,3.7,660,Recommended,37.48043,139.942135
Tohoku,Fukushima,Bandai,https://www.japan-guide.com/e/e7750.html,Volcanic mountains with beautiful highlands.,3.4,206,Recommended,37.5621397,139.9888201
Tohoku,Fukushima,Fukushima,https://www.japan-guide.com/e/e7725.html,Prefectural capital with a few attractions.,3.3,274,,37.75454,140.4592144
Tohoku,Fukushima,Iwaki,https://www.japan-guide.com/e/e7775.html,City famous for its Hawaiian water park resort.,2.7,141,,37.0504227,140.8876338
Kanto,Tokyo Metropolis,Tokyo,https://www.japan-guide.com/e/e2164.html,Japan's capital and largest city.,4.6,"12,216",Must Visit,35.6768601,139.7638947
Kanto,Tokyo Metropolis,Ogasawara Islands,https://www.japan-guide.com/e/e8200.html,Remote islands 1000 kilometers south of Tokyo.,4.5,53,Highly Recommended,24.78033,141.3205867
Kanto,Kanagawa,Kamakura,https://www.japan-guide.com/e/e2166.html,Small city full of historic treasures.,4.4,"4,277",Highly Recommended,35.3192808,139.5469627
Kanto,Kanagawa,Hakone,https://www.japan-guide.com/e/e5200.html,National park with views of Mount Fuji.,4.1,"3,428",Recommended,35.2323842,139.1069861
Kanto,Kanagawa,Yokohama,https://www.japan-guide.com/e/e2156.html,Japan's second largest city.,4.0,"4,779",Recommended,35.4503381,139.6343802
Kanto,Kanagawa,Kawasaki,https://www.japan-guide.com/e/e3250.html,Sandwiched between Tokyo and Yokohama.,2.8,642,,35.5306639,139.7037668
Kanto,Chiba,Boso Peninsula,https://www.japan-guide.com/e/e6430.html,Large peninsula southeast of Tokyo.,3.4,109,,34.900405,139.8880854
Kanto,Chiba,Narita,https://www.japan-guide.com/e/e6400.html,Site of Tokyo's international airport.,2.9,"2,085",,35.7767683,140.3183376
Kanto,Saitama,Chichibu,https://www.japan-guide.com/e/e6550.html,Rural city known for its festival and shrines.,3.6,87,,35.9914509,139.0857612
Kanto,Saitama,Kawagoe,https://www.japan-guide.com/e/e6500.html,Former castle town known as the Little Edo.,3.4,"1,011",,35.9251145,139.4856927
Kanto,Saitama,Saitama,https://www.japan-guide.com/e/e6525.html,City north of Tokyo with a few places of interest.,3.0,711,,35.8616402,139.6457957
Kanto,Gunma,Kusatsu Onsen,https://www.japan-guide.com/e/e7400.html,One of Japan's best hot spring towns.,4.0,631,Recommended,36.6309616,138.5780638
Kanto,Gunma,Manza Onsen,https://www.japan-guide.com/e/e7495.html,Hot spring resort with Japan's most sulfuric waters.,3.8,71,Recommended,36.6400581,138.4999501
Kanto,Gunma,Shima Onsen,https://www.japan-guide.com/e/e7435.html,Calm hot spring town in a mountain valley.,3.7,44,,36.6745035,138.7842033
Kanto,Gunma,Minakami,https://www.japan-guide.com/e/e7460.html,Popular hot spring and outdoor resort.,3.4,294,,36.6785606,138.9991545
Kanto,Gunma,Ikaho Onsen,https://www.japan-guide.com/e/e7475.html,Hot spring resort famous for its stone stairs.,3.3,358,,36.4998945,138.9259109
Kanto,Gunma,Tomioka,https://www.japan-guide.com/e/e7415.html,Site of a Japan's first modern silk factory.,3.1,56,,36.2598266,138.8899792
Kanto,Tochigi,Nikko,https://www.japan-guide.com/e/e3800.html,"Site of Nikko Toshogu, Ieyasu's mausoleum.",4.4,"3,329",Must Visit,36.7197576,139.698139
Kanto,Tochigi,Nasu-Shiobara,https://www.japan-guide.com/e/e3840.html,Resort area with hiking trails and hot springs.,3.2,226,,36.9320427,140.0219772
Kanto,Tochigi,Kinugawa Onsen,https://www.japan-guide.com/e/e3875.html,Hot spring resort with theme parks near Nikko.,3.2,543,,36.8226312,139.716559
Kanto,Tochigi,Utsunomiya,https://www.japan-guide.com/e/e3860.html,Prefectural capital of Tochigi Prefecture.,2.8,77,,36.5549677,139.8828776
Kanto,Ibaraki,Mito,https://www.japan-guide.com/e/e6200.html,Prefectural capital known for its nice garden.,3.2,265,,36.3659174,140.4731743
Kanto,Ibaraki,Ushiku Daibutsu,https://www.japan-guide.com/e/e6242.html,Japan's tallest bronze statue of Buddha,,14,,35.9826452,140.2202483
Kanto,Tokyo Metropolis,Tokyo,https://www.japan-guide.com/e/e2164.html,Japan's capital and largest city.,4.6,"12,216",Must Visit,35.6768601,139.7638947
Kanto,Tokyo Metropolis,Ogasawara Islands,https://www.japan-guide.com/e/e8200.html,Remote islands 1000 kilometers south of Tokyo.,4.5,53,Highly Recommended,24.78033,141.3205867
Kanto,Kanagawa,Kamakura,https://www.japan-guide.com/e/e2166.html,Small city full of historic treasures.,4.4,"4,277",Highly Recommended,35.3192808,139.5469627
Kanto,Kanagawa,Hakone,https://www.japan-guide.com/e/e5200.html,National park with views of Mount Fuji.,4.1,"3,428",Recommended,35.2323842,139.1069861
Kanto,Kanagawa,Yokohama,https://www.japan-guide.com/e/e2156.html,Japan's second largest city.,4.0,"4,779",Recommended,35.4503381,139.6343802
Kanto,Kanagawa,Kawasaki,https://www.japan-guide.com/e/e3250.html,Sandwiched between Tokyo and Yokohama.,2.8,642,,35.5306639,139.7037668
Kanto,Chiba,Boso Peninsula,https://www.japan-guide.com/e/e6430.html,Large peninsula southeast of Tokyo.,3.4,109,,34.9004521,139.8882213
Kanto,Chiba,Narita,https://www.japan-guide.com/e/e6400.html,Site of Tokyo's international airport.,2.9,"2,085",,35.7767683,140.3183376
Kanto,Saitama,Chichibu,https://www.japan-guide.com/e/e6550.html,Rural city known for its festival and shrines.,3.6,87,,35.9914509,139.0857612
Kanto,Saitama,Kawagoe,https://www.japan-guide.com/e/e6500.html,Former castle town known as the Little Edo.,3.4,"1,011",,35.9251145,139.4856927
Kanto,Saitama,Saitama,https://www.japan-guide.com/e/e6525.html,City north of Tokyo with a few places of interest.,3.0,711,,35.8616402,139.6457957
Kanto,Gunma,Kusatsu Onsen,https://www.japan-guide.com/e/e7400.html,One of Japan's best hot spring towns.,4.0,631,Recommended,36.6309616,138.5780638
Kanto,Gunma,Manza Onsen,https://www.japan-guide.com/e/e7495.html,Hot spring resort with Japan's most sulfuric waters.,3.8,71,Recommended,36.6400581,138.4999501
Kanto,Gunma,Shima Onsen,https://www.japan-guide.com/e/e7435.html,Calm hot spring town in a mountain valley.,3.7,44,,36.6745035,138.7842033
Kanto,Gunma,Minakami,https://www.japan-guide.com/e/e7460.html,Popular hot spring and outdoor resort.,3.4,294,,36.6785606,138.9991545
Kanto,Gunma,Ikaho Onsen,https://www.japan-guide.com/e/e7475.html,Hot spring resort famous for its stone stairs.,3.3,358,,36.4971021,138.9189433
Kanto,Gunma,Tomioka,https://www.japan-guide.com/e/e7415.html,Site of a Japan's first modern silk factory.,3.1,56,,36.2598266,138.8899792
Kanto,Tochigi,Nikko,https://www.japan-guide.com/e/e3800.html,"Site of Nikko Toshogu, Ieyasu's mausoleum.",4.4,"3,329",Must Visit,36.7197576,139.698139
Kanto,Tochigi,Nasu-Shiobara,https://www.japan-guide.com/e/e3840.html,Resort area with hiking trails and hot springs.,3.2,226,,36.9320427,140.0219772
Kanto,Tochigi,Kinugawa Onsen,https://www.japan-guide.com/e/e3875.html,Hot spring resort with theme parks near Nikko.,3.2,543,,36.8226118,139.7165879
Kanto,Tochigi,Utsunomiya,https://www.japan-guide.com/e/e3860.html,Prefectural capital of Tochigi Prefecture.,2.8,77,,36.5549677,139.8828776
Kanto,Ibaraki,Mito,https://www.japan-guide.com/e/e6200.html,Prefectural capital known for its nice garden.,3.2,265,,36.3659174,140.4731743
Kanto,Ibaraki,Ushiku Daibutsu,https://www.japan-guide.com/e/e6242.html,Japan's tallest bronze statue of Buddha,,14,,35.9826452,140.2202483
Chubu,Aichi,Nagoya,https://www.japan-guide.com/e/e2155.html,Japan's third largest economic center.,3.3,"3,561",Recommended,35.1851045,136.8998438
Chubu,Aichi,Inuyama,https://www.japan-guide.com/e/e3350.html,Former castle town north of Nagoya.,3.5,658,,35.3609734,136.9845491
Chubu,Shizuoka,Izu Peninsula,https://www.japan-guide.com/e/e6310.html,Hot springs and natural scenery.,3.8,"1,192",Recommended,34.917385,138.9628947
Chubu,Shizuoka,Shizuoka,https://www.japan-guide.com/e/e6350.html,Prefectural capital with views of Mount Fuji.,3.3,739,,34.9751974,138.3831697
Chubu,Shizuoka,Fujinomiya,https://www.japan-guide.com/e/e6365.html,City at the southern base of Mount Fuji.,3.2,266,,35.2221369,138.6214683
Chubu,Shizuoka,Lake Hamanako,https://www.japan-guide.com/e/e6375.html,A seaside lake with hot spring baths.,2.6,493,,34.7391432,137.5660932
Chubu,Shizuoka,Kakegawa,https://www.japan-guide.com/e/e6340.html,Small city famous for tea.,,20,,34.7688351,137.9986433
Chubu,Gifu,Takayama,https://www.japan-guide.com/e/e5900.html,Preserves one of Japan's nicest old towns.,4.2,"1,703",Highly Recommended,36.1396246,137.2510322
Chubu,Gifu,Okuhida,https://www.japan-guide.com/e/e5940.html,Hot springs in the mountains above Takayama.,4.0,263,Recommended,36.284064,137.5747567
Chubu,Gifu,Gujo-Hachiman,https://www.japan-guide.com/e/e5930.html,Small town in rural Japan with castle.,3.8,267,Recommended,35.7418904,136.9473551
Chubu,Gifu,Furukawa,https://www.japan-guide.com/e/e5975.html,Small town 15 minutes north of Takayama.,3.6,161,Recommended,36.2368469,137.1895961
Chubu,Gifu,Gero Onsen,https://www.japan-guide.com/e/e5990.html,Famous hot spring resort south of Takayama.,3.7,400,,35.8085595,137.2441513
Chubu,Niigata,Sado Island,https://www.japan-guide.com/e/e7675.html,Large island off the coast of Niigata.,3.9,243,Recommended,38.0673186,138.3514426
Chubu,Niigata,Yuzawa,https://www.japan-guide.com/e/e7690.html,One of Japan's leading ski resort towns.,3.6,344,Recommended,36.9338793,138.8170795
Chubu,Niigata,Myoko,https://www.japan-guide.com/e/e7642.html,Volcano with multiple ski areas along its slopes,,9,,37.0252467,138.253635
Chubu,Nagano,Kamikochi,https://www.japan-guide.com/e/e6040.html,Popular mountain resort in the Japanese Alps.,4.4,530,Highly Recommended,36.2537562,137.6551723
Chubu,Nagano,Yamanouchi,https://www.japan-guide.com/e/e6025.html,Home of hot spring bathing monkeys.,4.2,358,Highly Recommended,36.7445912,138.4126607
Chubu,Nagano,Matsumoto,https://www.japan-guide.com/e/e6050.html,City famous for its beautiful original castle.,3.8,"1,366",Recommended,36.2382047,137.9687141
Chubu,Nagano,Hakuba,https://www.japan-guide.com/e/e6090.html,One of Japan's best ski resorts.,3.7,660,Recommended,36.6981042,137.862068
Chubu,Nagano,Nagano,https://www.japan-guide.com/e/e6000.html,Former olympic city famous for its temple.,3.5,"1,766",Recommended,36.6485851,138.1947664
Chubu,Nagano,Takato Castle Park,https://www.japan-guide.com/e/e6065.html,Castle ruins covered by cherry trees.,4.0,35,,35.832734,138.0628243
Chubu,Nagano,Nozawa Onsen,https://www.japan-guide.com/destinations/nozawa-onsen/,Old fashioned hot spring and ski resort.,3.8,230,,36.9172241,138.4640226
Chubu,Nagano,Obuse,https://www.japan-guide.com/e/e6020.html,Pleasant town famous for chestnuts and Hokusai.,3.8,125,,36.6977297,138.3123863
Chubu,Nagano,Norikura,https://www.japan-guide.com/e/e6045.html,Mountain and highland in the Northern Japan Alps.,3.7,110,,36.7815003,137.801417
Chubu,Nagano,Karuizawa,https://www.japan-guide.com/e/e6030.html,Upmarket mountain resort town.,3.5,915,,36.3482938,138.5969968
Chubu,Nagano,Bessho Onsen,https://www.japan-guide.com/e/e6070.html,Small hot spring town with beautiful temples.,3.4,107,,36.3530124,138.1617357
Chubu,Nagano,Togura Kamiyamada,https://www.japan-guide.com/e/e6071.html,Foreigner-friendly onsen town with historic fortress.,3.0,33,,36.482061,138.1505159
Chubu,Yamanashi,Mount Fuji,https://www.japan-guide.com/e/e2172.html,The country's most iconic landmark.,4.5,"1,556",Must Visit,35.4578594,138.8035184
Chubu,Yamanashi,Kofu,https://www.japan-guide.com/e/e6950.html,Prefectural capital surrounded by vineyards.,2.9,185,,35.6652481,138.5710441
Chubu,Toyama,Alpine Route,https://www.japan-guide.com/e/e7550.html,Spectacular route through the Northern Alps.,4.5,442,Highly Recommended,36.5763049,137.4939488
Chubu,Toyama,Takaoka,https://www.japan-guide.com/e/e7525.html,Famous for its bronze casting industry.,3.1,55,,36.7362147,137.0187306
Chubu,Toyama,Toyama,https://www.japan-guide.com/e/e7500.html,Capital city of Toyama Prefecture.,3.0,155,,36.6957569,137.2136215
Chubu,Ishikawa,Kanazawa,https://www.japan-guide.com/e/e2167.html,City rich in culture and history.,4.1,"2,030",Highly Recommended,36.561627,136.6568822
Chubu,Ishikawa,Kaga Onsen,https://www.japan-guide.com/e/e4275.html,A collection of four historic hot spring towns.,3.4,217,,36.3181355,136.3502821
Chubu,Fukui,Fukui,https://www.japan-guide.com/e/e6600.html,Prefectural capital nearby Eiheiji Temple.,3.2,461,,36.061751,136.2260542
Chubu,Fukui,Tsuruga,https://www.japan-guide.com/e/e6650.html,Mid-sized city with a prominent port.,,9,,35.6445135,136.0734634
Chubu,Aichi,Nagoya,https://www.japan-guide.com/e/e2155.html,Japan's third largest economic center.,3.3,"3,561",Recommended,35.1851045,136.8998438
Chubu,Aichi,Inuyama,https://www.japan-guide.com/e/e3350.html,Former castle town north of Nagoya.,3.5,658,,35.3609734,136.9845491
Chubu,Shizuoka,Izu Peninsula,https://www.japan-guide.com/e/e6310.html,Hot springs and natural scenery.,3.8,"1,192",Recommended,34.917385,138.9628947
Chubu,Shizuoka,Shizuoka,https://www.japan-guide.com/e/e6350.html,Prefectural capital with views of Mount Fuji.,3.3,739,,34.9751974,138.3831697
Chubu,Shizuoka,Fujinomiya,https://www.japan-guide.com/e/e6365.html,City at the southern base of Mount Fuji.,3.2,266,,35.2221369,138.6214683
Chubu,Shizuoka,Lake Hamanako,https://www.japan-guide.com/e/e6375.html,A seaside lake with hot spring baths.,2.6,493,,34.7391432,137.5660932
Chubu,Shizuoka,Kakegawa,https://www.japan-guide.com/e/e6340.html,Small city famous for tea.,,20,,34.7688351,137.9986433
Chubu,Gifu,Takayama,https://www.japan-guide.com/e/e5900.html,Preserves one of Japan's nicest old towns.,4.2,"1,703",Highly Recommended,36.1396246,137.2510322
Chubu,Gifu,Okuhida,https://www.japan-guide.com/e/e5940.html,Hot springs in the mountains above Takayama.,4.0,263,Recommended,36.284064,137.5747567
Chubu,Gifu,Gujo-Hachiman,https://www.japan-guide.com/e/e5930.html,Small town in rural Japan with castle.,3.8,267,Recommended,35.7418904,136.9473551
Chubu,Gifu,Furukawa,https://www.japan-guide.com/e/e5975.html,Small town 15 minutes north of Takayama.,3.6,161,Recommended,36.2368469,137.1895961
Chubu,Gifu,Gero Onsen,https://www.japan-guide.com/e/e5990.html,Famous hot spring resort south of Takayama.,3.7,400,,35.8085595,137.2441513
Chubu,Niigata,Sado Island,https://www.japan-guide.com/e/e7675.html,Large island off the coast of Niigata.,3.9,243,Recommended,38.0673186,138.3514426
Chubu,Niigata,Yuzawa,https://www.japan-guide.com/e/e7690.html,One of Japan's leading ski resort towns.,3.6,344,Recommended,36.9338793,138.8170795
Chubu,Niigata,Myoko,https://www.japan-guide.com/e/e7642.html,Volcano with multiple ski areas along its slopes,,9,,37.0252467,138.253635
Chubu,Nagano,Kamikochi,https://www.japan-guide.com/e/e6040.html,Popular mountain resort in the Japanese Alps.,4.4,530,Highly Recommended,36.2537562,137.6551723
Chubu,Nagano,Yamanouchi,https://www.japan-guide.com/e/e6025.html,Home of hot spring bathing monkeys.,4.2,358,Highly Recommended,36.7445912,138.4126607
Chubu,Nagano,Matsumoto,https://www.japan-guide.com/e/e6050.html,City famous for its beautiful original castle.,3.8,"1,366",Recommended,36.2382047,137.9687141
Chubu,Nagano,Hakuba,https://www.japan-guide.com/e/e6090.html,One of Japan's best ski resorts.,3.7,660,Recommended,36.6981042,137.862068
Chubu,Nagano,Nagano,https://www.japan-guide.com/e/e6000.html,Former olympic city famous for its temple.,3.5,"1,766",Recommended,36.6485851,138.1947664
Chubu,Nagano,Takato Castle Park,https://www.japan-guide.com/e/e6065.html,Castle ruins covered by cherry trees.,4.0,35,,35.832734,138.0628243
Chubu,Nagano,Nozawa Onsen,https://www.japan-guide.com/destinations/nozawa-onsen/,Old fashioned hot spring and ski resort.,3.8,230,,36.9172241,138.4640226
Chubu,Nagano,Obuse,https://www.japan-guide.com/e/e6020.html,Pleasant town famous for chestnuts and Hokusai.,3.8,125,,36.6977297,138.3123863
Chubu,Nagano,Norikura,https://www.japan-guide.com/e/e6045.html,Mountain and highland in the Northern Japan Alps.,3.7,110,,36.7815003,137.801417
Chubu,Nagano,Karuizawa,https://www.japan-guide.com/e/e6030.html,Upmarket mountain resort town.,3.5,915,,36.3482938,138.5969968
Chubu,Nagano,Bessho Onsen,https://www.japan-guide.com/e/e6070.html,Small hot spring town with beautiful temples.,3.4,107,,36.3530124,138.1617357
Chubu,Nagano,Togura Kamiyamada,https://www.japan-guide.com/e/e6071.html,Foreigner-friendly onsen town with historic fortress.,3.0,33,,36.482061,138.1505159
Chubu,Yamanashi,Mount Fuji,https://www.japan-guide.com/e/e2172.html,The country's most iconic landmark.,4.5,"1,556",Must Visit,35.4578594,138.8035184
Chubu,Yamanashi,Kofu,https://www.japan-guide.com/e/e6950.html,Prefectural capital surrounded by vineyards.,2.9,185,,35.6652481,138.5710441
Chubu,Toyama,Alpine Route,https://www.japan-guide.com/e/e7550.html,Spectacular route through the Northern Alps.,4.5,442,Highly Recommended,36.5771869,137.4942412
Chubu,Toyama,Takaoka,https://www.japan-guide.com/e/e7525.html,Famous for its bronze casting industry.,3.1,55,,36.7362147,137.0187306
Chubu,Toyama,Toyama,https://www.japan-guide.com/e/e7500.html,Capital city of Toyama Prefecture.,3.0,155,,36.6957569,137.2136215
Chubu,Ishikawa,Kanazawa,https://www.japan-guide.com/e/e2167.html,City rich in culture and history.,4.1,"2,030",Highly Recommended,36.561627,136.6568822
Chubu,Ishikawa,Kaga Onsen,https://www.japan-guide.com/e/e4275.html,A collection of four historic hot spring towns.,3.4,217,,36.3181355,136.3502821
Chubu,Fukui,Fukui,https://www.japan-guide.com/e/e6600.html,Prefectural capital nearby Eiheiji Temple.,3.2,461,,36.061751,136.2260542
Chubu,Fukui,Tsuruga,https://www.japan-guide.com/e/e6650.html,Mid-sized city with a prominent port.,,9,,35.6445135,136.0734634
Kansai,Kyoto,Kyoto,https://www.japan-guide.com/e/e2158.html,For over 1000 years the capital of Japan.,4.8,"9,699",Must Visit,34.9853497,135.758766
Kansai,Kyoto,Uji,https://www.japan-guide.com/e/e3975.html,City south of Kyoto known for its temple and tea.,4.0,"1,455",Recommended,34.885124,135.7995651
Kansai,Kyoto,Amanohashidate,https://www.japan-guide.com/e/e3990.html,One of Japan's three most scenic views.,3.9,593,Recommended,35.5680023,135.1906382
Kansai,Kyoto,Miyama,https://www.japan-guide.com/e/e3985.html,Rural town with lots of thatched roof houses.,4.0,42,,35.0931801,135.764881
Kansai,Osaka,Osaka,https://www.japan-guide.com/e/e2157.html,Largest city of the Kinki Region.,4.1,"7,535",Highly Recommended,34.6937569,135.5014539
Kansai,Nara,Nara,https://www.japan-guide.com/e/e2165.html,Japan's first permanent capital.,4.4,"5,928",Must Visit,34.6845445,135.8048359
Kansai,Nara,Yoshino,https://www.japan-guide.com/e/e4150.html,Japan's most famous cherry blossom spot.,4.1,370,Recommended,34.3959797,135.857514
Kansai,Hyogo,Kinosaki,https://www.japan-guide.com/e/e3525.html,"Pleasant, old-fashioned hot spring resort.",4.1,502,Highly Recommended,35.6285958,134.8138268
Kansai,Hyogo,Himeji,https://www.japan-guide.com/e/e3500.html,Site of Japan's most beautiful feudal castle.,4.1,"3,022",Highly Recommended,34.8153529,134.6854793
Kansai,Hyogo,Takeda Castle Ruins,https://www.japan-guide.com/e/e3592.html,Hilltop castle ruins sometimes floating on a sea of clouds.,4.4,32,Recommended,35.2988984,134.8358992
Kansai,Hyogo,Kobe,https://www.japan-guide.com/e/e2159.html,"Harbor city, recovered from 1995 earthquake.",3.8,"3,619",Recommended,34.6932379,135.1943764
Kansai,Shiga,Omi Hachiman,https://www.japan-guide.com/e/e7075.html,Former merchant town with pretty canal,3.8,34,Recommended,35.1221994,136.1039569
Kansai,Shiga,Hikone,https://www.japan-guide.com/e/e7000.html,Castle town at the shores of Lake Biwa.,3.6,762,,35.2744066,136.2596539
Kansai,Shiga,Koka,https://www.japan-guide.com/e/e7025.html,Rural city known as a homeland of the ninja.,3.1,136,,34.9662392,136.1668719
Kansai,Wakayama,Kumano,https://www.japan-guide.com/e/e4950.html,Pilgrimage destination on the Kii Peninsula.,4.2,395,Recommended,33.6684286,135.8904398
Kansai,Mie,Ise Shima,https://www.japan-guide.com/e/e4310.html,Site of Japan's most sacred Shinto shrines.,3.8,"1,390",Highly Recommended,34.3085635,136.8186738
Kansai,Mie,Iga Ueno,https://www.japan-guide.com/e/e4350.html,Former castle town famous for ninja.,3.4,606,Recommended,34.7889966,136.1235104
Kansai,Kyoto,Kyoto,https://www.japan-guide.com/e/e2158.html,For over 1000 years the capital of Japan.,4.8,"9,699",Must Visit,34.9853497,135.758766
Kansai,Kyoto,Uji,https://www.japan-guide.com/e/e3975.html,City south of Kyoto known for its temple and tea.,4.0,"1,455",Recommended,34.885124,135.7995651
Kansai,Kyoto,Amanohashidate,https://www.japan-guide.com/e/e3990.html,One of Japan's three most scenic views.,3.9,593,Recommended,35.5680023,135.1906382
Kansai,Kyoto,Miyama,https://www.japan-guide.com/e/e3985.html,Rural town with lots of thatched roof houses.,4.0,42,,35.0931801,135.764881
Kansai,Osaka,Osaka,https://www.japan-guide.com/e/e2157.html,Largest city of the Kinki Region.,4.1,"7,535",Highly Recommended,34.6937569,135.5014539
Kansai,Nara,Nara,https://www.japan-guide.com/e/e2165.html,Japan's first permanent capital.,4.4,"5,928",Must Visit,34.6845445,135.8048359
Kansai,Nara,Yoshino,https://www.japan-guide.com/e/e4150.html,Japan's most famous cherry blossom spot.,4.1,370,Recommended,34.3959797,135.857514
Kansai,Hyogo,Kinosaki,https://www.japan-guide.com/e/e3525.html,"Pleasant, old-fashioned hot spring resort.",4.1,502,Highly Recommended,35.6285958,134.8138268
Kansai,Hyogo,Himeji,https://www.japan-guide.com/e/e3500.html,Site of Japan's most beautiful feudal castle.,4.1,"3,022",Highly Recommended,34.8153529,134.6854793
Kansai,Hyogo,Takeda Castle Ruins,https://www.japan-guide.com/e/e3592.html,Hilltop castle ruins sometimes floating on a sea of clouds.,4.4,32,Recommended,35.2988984,134.8358992
Kansai,Hyogo,Kobe,https://www.japan-guide.com/e/e2159.html,"Harbor city, recovered from 1995 earthquake.",3.8,"3,619",Recommended,34.6932379,135.1943764
Kansai,Shiga,Omi Hachiman,https://www.japan-guide.com/e/e7075.html,Former merchant town with pretty canal,3.8,34,Recommended,35.1221994,136.1039569
Kansai,Shiga,Hikone,https://www.japan-guide.com/e/e7000.html,Castle town at the shores of Lake Biwa.,3.6,762,,35.2744066,136.2596539
Kansai,Shiga,Koka,https://www.japan-guide.com/e/e7025.html,Rural city known as a homeland of the ninja.,3.1,136,,34.9662392,136.1668719
Kansai,Wakayama,Kumano,https://www.japan-guide.com/e/e4950.html,Pilgrimage destination on the Kii Peninsula.,4.2,395,Recommended,33.6684286,135.8904398
Kansai,Mie,Ise Shima,https://www.japan-guide.com/e/e4310.html,Site of Japan's most sacred Shinto shrines.,3.8,"1,390",Highly Recommended,34.3085635,136.8186738
Kansai,Mie,Iga Ueno,https://www.japan-guide.com/e/e4350.html,Former castle town famous for ninja.,3.4,606,Recommended,34.7889966,136.1235104
Chugoku,Okayama,Inujima Island,https://www.japan-guide.com/e/e5725.html,Small island turned into a modern art site.,4.3,53,Recommended,34.5635798,134.1031328
Chugoku,Okayama,Bitchu-Takahashi,https://www.japan-guide.com/e/e5775.html,Pretty town with original mountaintop castle.,4.0,124,Recommended,34.7886578,133.616349
Chugoku,Okayama,Kurashiki,https://www.japan-guide.com/e/e5750.html,"City with a picturesque, historic canal area.",3.7,997,Recommended,34.5850791,133.7719957
Chugoku,Okayama,Okayama,https://www.japan-guide.com/e/e5700.html,Famous for one of Japan's three best gardens.,3.5,"1,402",,34.6553944,133.9194595
Chugoku,Hiroshima,Miyajima,https://www.japan-guide.com/e/e3401.html,Island known for its shrine and large torii gate.,4.7,"3,125",Must Visit,34.271448,132.3088722
Chugoku,Hiroshima,Hiroshima,https://www.japan-guide.com/e/e2160.html,Regional capital with a tragic history.,4.2,"4,649",Highly Recommended,34.3970993,132.4758627
Chugoku,Hiroshima,Onomichi,https://www.japan-guide.com/e/e3475.html,Port town with many slopes and temples.,3.7,516,Recommended,34.4088519,133.2051549
Chugoku,Hiroshima,Tomonoura,https://www.japan-guide.com/e/e3432.html,"Picturesque, old-fashioned fishing town.",3.5,99,Recommended,34.3808768,133.3803274
Chugoku,Hiroshima,Fukuyama,https://www.japan-guide.com/e/e3430.html,Second largest city in Hiroshima Prefecture.,3.2,141,,34.4857039,133.3623097
Chugoku,Yamaguchi,Akiyoshidai,https://www.japan-guide.com/e/e6130.html,Karst plateau with large limestone cave.,3.8,152,Recommended,34.2341672,131.3060432
Chugoku,Yamaguchi,Hagi,https://www.japan-guide.com/e/e6150.html,Castle town with preserved samurai district.,3.6,421,Recommended,34.4074815,131.399194
Chugoku,Yamaguchi,Iwakuni,https://www.japan-guide.com/e/e6175.html,Site of the picturesque Kintai-kyo Bridge.,3.6,577,Recommended,34.1664995,132.2191163
Chugoku,Yamaguchi,Motonosumi Shrine,https://www.japan-guide.com/destinations/motonosumi-shrine/,Remote shrine along the coast with tunnel of torii gates,3.9,13,,34.4200826,131.0631588
Chugoku,Yamaguchi,Yamaguchi,https://www.japan-guide.com/e/e6100.html,Pleasant city at the western end of Honshu.,3.2,588,,34.1781317,131.4737077
Chugoku,Yamaguchi,Shimonoseki,https://www.japan-guide.com/e/e6140.html,City at the westernmost tip of Honshu.,3.2,32,,33.9577116,130.9415455
Chugoku,Tottori,Mount Daisen,https://www.japan-guide.com/e/e8150.html,Tallest mountain in the Chugoku Region.,3.5,186,,35.0810906,138.9734057
Chugoku,Tottori,Tottori,https://www.japan-guide.com/e/e8100.html,Prefectural capital known for its sand dunes.,3.4,504,,35.4943948,134.2219282
Chugoku,Shimane,Izumo,https://www.japan-guide.com/e/e5830.html,"Site of Izumo Taisha, Japan's oldest shrine.",3.8,426,Recommended,35.3668891,132.7548827
Chugoku,Shimane,Matsue,https://www.japan-guide.com/e/e5800.html,Former castle town near Izumo Taisha.,3.8,604,Recommended,35.468115,133.048768
Chugoku,Shimane,Tsuwano,https://www.japan-guide.com/e/e5875.html,Rural town with nice samurai district.,3.8,100,,34.4692243,131.7752911
Chugoku,Shimane,Iwami Ginzan,https://www.japan-guide.com/e/e5850.html,Former silver mine with world heritage status.,3.5,154,,35.0999401,132.4287495
Chugoku,Okayama,Inujima Island,https://www.japan-guide.com/e/e5725.html,Small island turned into a modern art site.,4.3,53,Recommended,34.5635798,134.1031328
Chugoku,Okayama,Bitchu-Takahashi,https://www.japan-guide.com/e/e5775.html,Pretty town with original mountaintop castle.,4.0,124,Recommended,34.7886578,133.616349
Chugoku,Okayama,Kurashiki,https://www.japan-guide.com/e/e5750.html,"City with a picturesque, historic canal area.",3.7,997,Recommended,34.5850791,133.7719957
Chugoku,Okayama,Okayama,https://www.japan-guide.com/e/e5700.html,Famous for one of Japan's three best gardens.,3.5,"1,402",,34.6553944,133.9194595
Chugoku,Hiroshima,Miyajima,https://www.japan-guide.com/e/e3401.html,Island known for its shrine and large torii gate.,4.7,"3,125",Must Visit,34.271448,132.3088722
Chugoku,Hiroshima,Hiroshima,https://www.japan-guide.com/e/e2160.html,Regional capital with a tragic history.,4.2,"4,649",Highly Recommended,34.3970993,132.4758627
Chugoku,Hiroshima,Onomichi,https://www.japan-guide.com/e/e3475.html,Port town with many slopes and temples.,3.7,516,Recommended,34.4088519,133.2051549
Chugoku,Hiroshima,Tomonoura,https://www.japan-guide.com/e/e3432.html,"Picturesque, old-fashioned fishing town.",3.5,99,Recommended,34.3808768,133.3803274
Chugoku,Hiroshima,Fukuyama,https://www.japan-guide.com/e/e3430.html,Second largest city in Hiroshima Prefecture.,3.2,141,,34.4857039,133.3623097
Chugoku,Yamaguchi,Akiyoshidai,https://www.japan-guide.com/e/e6130.html,Karst plateau with large limestone cave.,3.8,152,Recommended,34.2341672,131.3060432
Chugoku,Yamaguchi,Hagi,https://www.japan-guide.com/e/e6150.html,Castle town with preserved samurai district.,3.6,421,Recommended,34.4074815,131.399194
Chugoku,Yamaguchi,Iwakuni,https://www.japan-guide.com/e/e6175.html,Site of the picturesque Kintai-kyo Bridge.,3.6,577,Recommended,34.1664995,132.2191163
Chugoku,Yamaguchi,Motonosumi Shrine,https://www.japan-guide.com/destinations/motonosumi-shrine/,Remote shrine along the coast with tunnel of torii gates,3.9,13,,34.4200826,131.0631588
Chugoku,Yamaguchi,Yamaguchi,https://www.japan-guide.com/e/e6100.html,Pleasant city at the western end of Honshu.,3.2,588,,34.1781317,131.4737077
Chugoku,Yamaguchi,Shimonoseki,https://www.japan-guide.com/e/e6140.html,City at the westernmost tip of Honshu.,3.2,32,,33.9577116,130.9415455
Chugoku,Tottori,Mount Daisen,https://www.japan-guide.com/e/e8150.html,Tallest mountain in the Chugoku Region.,3.5,186,,35.0810906,138.9734057
Chugoku,Tottori,Tottori,https://www.japan-guide.com/e/e8100.html,Prefectural capital known for its sand dunes.,3.4,504,,35.4943948,134.2219282
Chugoku,Shimane,Izumo,https://www.japan-guide.com/e/e5830.html,"Site of Izumo Taisha, Japan's oldest shrine.",3.8,426,Recommended,35.3668891,132.7548827
Chugoku,Shimane,Matsue,https://www.japan-guide.com/e/e5800.html,Former castle town near Izumo Taisha.,3.8,604,Recommended,35.468115,133.048768
Chugoku,Shimane,Tsuwano,https://www.japan-guide.com/e/e5875.html,Rural town with nice samurai district.,3.8,100,,34.4692243,131.7752911
Chugoku,Shimane,Iwami Ginzan,https://www.japan-guide.com/e/e5850.html,Former silver mine with world heritage status.,3.5,154,,35.0999401,132.4287495
Shikoku,Kagawa,Naoshima,https://www.japan-guide.com/e/e5475.html,Small island with a lot of modern art.,4.2,312,Highly Recommended,34.4598081,133.9956762
Shikoku,Kagawa,Kotohira,https://www.japan-guide.com/e/e5450.html,Site of Shikoku's most popular shrine.,3.7,391,Recommended,34.191594,133.8232497
Shikoku,Kagawa,Takamatsu,https://www.japan-guide.com/e/e5400.html,Capital of Kagawa Prefecture.,3.4,859,Recommended,34.3425592,134.0465338
Shikoku,Kagawa,Shodoshima,https://www.japan-guide.com/e/e5430.html,Island in the Seto Inland Sea know for olives.,3.6,223,,34.4897754,134.2604024
Shikoku,Kagawa,Marugame,https://www.japan-guide.com/e/e5465.html,"Port city in Kagawa, known for its castle.",3.0,148,,34.2888128,133.7982421
Shikoku,Ehime,Matsuyama,https://www.japan-guide.com/e/e5500.html,Largest city of Shikoku with a beautiful castle.,3.8,809,Recommended,33.8395188,132.7653521
Shikoku,Ehime,Uchiko,https://www.japan-guide.com/e/e5550.html,Countryside town formerly known for its wax.,3.6,126,Recommended,33.5495987,132.6500056
Shikoku,Ehime,Ozu,https://www.japan-guide.com/e/e5525.html,"Small city with nice castle, old town and villa.",3.2,55,Recommended,33.506488,132.5446842
Shikoku,Ehime,Uwajima,https://www.japan-guide.com/e/e5575.html,Secluded port town with original castle.,3.2,82,,33.2232315,132.5606514
Shikoku,Kochi,Kochi,https://www.japan-guide.com/e/e5600.html,Nice city with a southern flair.,3.7,724,Recommended,33.5680384,133.5394221
Shikoku,Tokushima,Iya Valley,https://www.japan-guide.com/e/e7825.html,Remote valley in the center of Shikoku.,4.2,151,Recommended,33.9071476,133.8141785
Shikoku,Tokushima,Naruto,https://www.japan-guide.com/e/e7850.html,City well known for its whirlpools.,3.3,432,,34.1725784,134.608408
Shikoku,Tokushima,Tokushima,https://www.japan-guide.com/e/e7800.html,A city best known for its dance festival.,3.1,453,,34.0698307,134.5550353
Shikoku,Kagawa,Naoshima,https://www.japan-guide.com/e/e5475.html,Small island with a lot of modern art.,4.2,312,Highly Recommended,34.4598081,133.9956762
Shikoku,Kagawa,Kotohira,https://www.japan-guide.com/e/e5450.html,Site of Shikoku's most popular shrine.,3.7,391,Recommended,34.191594,133.8232497
Shikoku,Kagawa,Takamatsu,https://www.japan-guide.com/e/e5400.html,Capital of Kagawa Prefecture.,3.4,859,Recommended,34.3425592,134.0465338
Shikoku,Kagawa,Shodoshima,https://www.japan-guide.com/e/e5430.html,Island in the Seto Inland Sea know for olives.,3.6,223,,34.4897754,134.2604024
Shikoku,Kagawa,Marugame,https://www.japan-guide.com/e/e5465.html,"Port city in Kagawa, known for its castle.",3.0,148,,34.2888128,133.7982421
Shikoku,Ehime,Matsuyama,https://www.japan-guide.com/e/e5500.html,Largest city of Shikoku with a beautiful castle.,3.8,809,Recommended,33.8395188,132.7653521
Shikoku,Ehime,Uchiko,https://www.japan-guide.com/e/e5550.html,Countryside town formerly known for its wax.,3.6,126,Recommended,33.5495987,132.6500056
Shikoku,Ehime,Ozu,https://www.japan-guide.com/e/e5525.html,"Small city with nice castle, old town and villa.",3.2,55,Recommended,33.506488,132.5446842
Shikoku,Ehime,Uwajima,https://www.japan-guide.com/e/e5575.html,Secluded port town with original castle.,3.2,82,,33.2232315,132.5606514
Shikoku,Kochi,Kochi,https://www.japan-guide.com/e/e5600.html,Nice city with a southern flair.,3.7,724,Recommended,33.5680384,133.5394221
Shikoku,Tokushima,Iya Valley,https://www.japan-guide.com/e/e7825.html,Remote valley in the center of Shikoku.,4.2,151,Recommended,33.9071476,133.8141785
Shikoku,Tokushima,Naruto,https://www.japan-guide.com/e/e7850.html,City well known for its whirlpools.,3.3,432,,34.1725784,134.608408
Shikoku,Tokushima,Tokushima,https://www.japan-guide.com/e/e7800.html,A city best known for its dance festival.,3.1,453,,34.0698307,134.5550353
Kyushu,Fukuoka,Fukuoka,https://www.japan-guide.com/e/e2161.html,Kyushu's largest and most vibrant city.,3.7,"2,757",Recommended,33.5898988,130.4017509
Kyushu,Fukuoka,Dazaifu,https://www.japan-guide.com/e/e4850.html,Historic town south of Fukuoka.,3.7,965,Recommended,33.5129189,130.5242217
Kyushu,Fukuoka,Munakata Taisha,https://www.japan-guide.com/e/e4840.html,"Three shrines and a sacred, off-limit island.",3.4,20,,33.8305822,130.5145484
Kyushu,Fukuoka,Kitakyushu,https://www.japan-guide.com/e/e4875.html,Industrial city in the north of Kyushu.,3.1,407,,33.8829996,130.8749015
Kyushu,Saga,Yutoku Inari Shrine,https://www.japan-guide.com/e/e8390.html,One of Japan's three best Inari shrines.,4.3,37,Recommended,33.0743974,130.1080648
Kyushu,Saga,Yoshinogari Park,https://www.japan-guide.com/e/e8325.html,Best archeological site about the Yayoi Period.,3.1,172,Recommended,33.3270916,130.3842637
Kyushu,Saga,Ureshino Onsen,https://www.japan-guide.com/e/e8380.html,Onsen town with very smooth hot spring waters.,3.6,32,,33.1066719,129.9989438
Kyushu,Saga,Karatsu,https://www.japan-guide.com/e/e8375.html,Coastal city known for castles and pottery.,3.2,74,,33.4503405,129.9679345
Kyushu,Saga,Takeo Onsen,https://www.japan-guide.com/e/e8385.html,Onsen town with smooth waters and long history.,2.9,37,,33.1964422,130.0230324
Kyushu,Nagasaki,Nagasaki,https://www.japan-guide.com/e/e2162.html,Attractive port city with a moving history.,4.1,"2,078",Highly Recommended,32.7501611,129.8781002
Kyushu,Nagasaki,Huis Ten Bosch,https://www.japan-guide.com/e/e4477.html,Amusement Park themed after a Dutch town.,3.5,215,Recommended,33.0862043,129.7883148
Kyushu,Nagasaki,Shimabara Peninsula,https://www.japan-guide.com/e/e4450.html,Peninsula with active volcano near Nagasaki City.,3.7,165,,32.7361999,130.2902345
Kyushu,Nagasaki,Hirado,https://www.japan-guide.com/e/e4490.html,Former site of the Dutch trading post.,3.5,33,,33.3680705,129.5539153
Kyushu,Kumamoto,Kurokawa Onsen,https://www.japan-guide.com/e/e4575.html,Hot spring town with attractive town and baths.,4.3,235,Highly Recommended,33.0777131,131.1419381
Kyushu,Kumamoto,Aso,https://www.japan-guide.com/e/e4550.html,Active volcano with a huge ancient caldera.,3.8,"1,093",Recommended,32.9524903,131.1214674
Kyushu,Kumamoto,Kumamoto,https://www.japan-guide.com/e/e4500.html,Modern city most famous for its castle.,3.7,"1,413",Recommended,32.8033909,130.7082737
Kyushu,Kumamoto,Amakusa,https://www.japan-guide.com/e/e4590.html,Remote islands with a large Christian population.,4.0,48,,32.4585127,130.1930487
Kyushu,Kumamoto,Minamata,https://www.japan-guide.com/e/e4525.html,From pollution site to environmental model city.,2.9,67,,32.2123376,130.4087616
Kyushu,Oita,Yufuin,https://www.japan-guide.com/e/e4750.html,Rural yet trendy hot spring town near Beppu.,4.1,520,Recommended,33.2624524,131.3550013
Kyushu,Oita,Beppu,https://www.japan-guide.com/e/e4700.html,Japan's capital city of hot springs.,3.8,"1,473",Recommended,33.2845752,131.4913063
Kyushu,Oita,Usuki,https://www.japan-guide.com/e/e4740.html,Town known for its unique stone Buddhas.,3.7,53,,33.1261032,131.8048454
Kyushu,Miyazaki,Takachiho,https://www.japan-guide.com/e/e8050.html,Mountain town steeped in mythology.,4.2,295,Recommended,32.731215,131.32383
Kyushu,Miyazaki,Udo Shrine,https://www.japan-guide.com/e/e8032.html,Shrine constructed in a cliff side cave.,3.6,102,Recommended,31.6475389,131.4617524
Kyushu,Miyazaki,Miyazaki,https://www.japan-guide.com/e/e8000.html,City in southeastern Kyushu.,3.4,589,,31.9076334,131.4204022
Kyushu,Kagoshima,Yakushima,https://www.japan-guide.com/e/e4650.html,Subtropical island with ancient cedar forest.,4.7,311,Must Visit,30.347925,130.5244832
Kyushu,Kagoshima,Amami Oshima,https://www.japan-guide.com/e/e4690.html,Subtropical island between Kagoshima and Okinawa.,,26,Highly Recommended,28.3198742,129.3968408
Kyushu,Kagoshima,Kirishima,https://www.japan-guide.com/e/e4625.html,National Park with volcanic mountain range.,3.8,294,Recommended,31.7410148,130.7632406
Kyushu,Kagoshima,Kagoshima,https://www.japan-guide.com/e/e4600.html,Southernmost of Kyushu's major cities.,3.8,"1,272",Recommended,31.596793,130.5571949
Kyushu,Kagoshima,Satsuma Peninsula,https://www.japan-guide.com/e/e4675.html,Rural peninsula with hot springs in southern Kyushu.,3.8,178,Recommended,31.4996295,130.4172
Kyushu,Kagoshima,Tokunoshima,https://www.japan-guide.com/e/e4699.html,Subtropical island south of Amami-Oshima,,5,,27.7775025,128.9580709
Kyushu,Fukuoka,Fukuoka,https://www.japan-guide.com/e/e2161.html,Kyushu's largest and most vibrant city.,3.7,"2,757",Recommended,33.5898988,130.4017509
Kyushu,Fukuoka,Dazaifu,https://www.japan-guide.com/e/e4850.html,Historic town south of Fukuoka.,3.7,965,Recommended,33.5129189,130.5242217
Kyushu,Fukuoka,Munakata Taisha,https://www.japan-guide.com/e/e4840.html,"Three shrines and a sacred, off-limit island.",3.4,20,,33.8305822,130.5145484
Kyushu,Fukuoka,Kitakyushu,https://www.japan-guide.com/e/e4875.html,Industrial city in the north of Kyushu.,3.1,407,,33.8829996,130.8749015
Kyushu,Saga,Yutoku Inari Shrine,https://www.japan-guide.com/e/e8390.html,One of Japan's three best Inari shrines.,4.3,37,Recommended,33.0743974,130.1080648
Kyushu,Saga,Yoshinogari Park,https://www.japan-guide.com/e/e8325.html,Best archeological site about the Yayoi Period.,3.1,172,Recommended,33.3270916,130.3842637
Kyushu,Saga,Ureshino Onsen,https://www.japan-guide.com/e/e8380.html,Onsen town with very smooth hot spring waters.,3.6,32,,33.1066719,129.9989438
Kyushu,Saga,Karatsu,https://www.japan-guide.com/e/e8375.html,Coastal city known for castles and pottery.,3.2,74,,33.4503405,129.9679345
Kyushu,Saga,Takeo Onsen,https://www.japan-guide.com/e/e8385.html,Onsen town with smooth waters and long history.,2.9,37,,33.1964422,130.0230324
Kyushu,Nagasaki,Nagasaki,https://www.japan-guide.com/e/e2162.html,Attractive port city with a moving history.,4.1,"2,078",Highly Recommended,32.7501611,129.8781002
Kyushu,Nagasaki,Huis Ten Bosch,https://www.japan-guide.com/e/e4477.html,Amusement Park themed after a Dutch town.,3.5,215,Recommended,33.0862043,129.7883148
Kyushu,Nagasaki,Shimabara Peninsula,https://www.japan-guide.com/e/e4450.html,Peninsula with active volcano near Nagasaki City.,3.7,165,,32.7361999,130.2902345
Kyushu,Nagasaki,Hirado,https://www.japan-guide.com/e/e4490.html,Former site of the Dutch trading post.,3.5,33,,33.3680705,129.5539153
Kyushu,Kumamoto,Kurokawa Onsen,https://www.japan-guide.com/e/e4575.html,Hot spring town with attractive town and baths.,4.3,235,Highly Recommended,33.0777131,131.1419381
Kyushu,Kumamoto,Aso,https://www.japan-guide.com/e/e4550.html,Active volcano with a huge ancient caldera.,3.8,"1,093",Recommended,32.9524903,131.1214674
Kyushu,Kumamoto,Kumamoto,https://www.japan-guide.com/e/e4500.html,Modern city most famous for its castle.,3.7,"1,413",Recommended,32.8033909,130.7082737
Kyushu,Kumamoto,Amakusa,https://www.japan-guide.com/e/e4590.html,Remote islands with a large Christian population.,4.0,48,,32.4585127,130.1930487
Kyushu,Kumamoto,Minamata,https://www.japan-guide.com/e/e4525.html,From pollution site to environmental model city.,2.9,67,,32.2123376,130.4087616
Kyushu,Oita,Yufuin,https://www.japan-guide.com/e/e4750.html,Rural yet trendy hot spring town near Beppu.,4.1,520,Recommended,33.2624524,131.3550013
Kyushu,Oita,Beppu,https://www.japan-guide.com/e/e4700.html,Japan's capital city of hot springs.,3.8,"1,473",Recommended,33.2845752,131.4913063
Kyushu,Oita,Usuki,https://www.japan-guide.com/e/e4740.html,Town known for its unique stone Buddhas.,3.7,53,,33.1261032,131.8048454
Kyushu,Miyazaki,Takachiho,https://www.japan-guide.com/e/e8050.html,Mountain town steeped in mythology.,4.2,295,Recommended,32.731215,131.32383
Kyushu,Miyazaki,Udo Shrine,https://www.japan-guide.com/e/e8032.html,Shrine constructed in a cliff side cave.,3.6,102,Recommended,31.6475389,131.4617524
Kyushu,Miyazaki,Miyazaki,https://www.japan-guide.com/e/e8000.html,City in southeastern Kyushu.,3.4,589,,31.9076334,131.4204022
Kyushu,Kagoshima,Yakushima,https://www.japan-guide.com/e/e4650.html,Subtropical island with ancient cedar forest.,4.7,311,Must Visit,30.347925,130.5244832
Kyushu,Kagoshima,Amami Oshima,https://www.japan-guide.com/e/e4690.html,Subtropical island between Kagoshima and Okinawa.,,26,Highly Recommended,28.3198742,129.3968408
Kyushu,Kagoshima,Kirishima,https://www.japan-guide.com/e/e4625.html,National Park with volcanic mountain range.,3.8,294,Recommended,31.7410148,130.7632406
Kyushu,Kagoshima,Kagoshima,https://www.japan-guide.com/e/e4600.html,Southernmost of Kyushu's major cities.,3.8,"1,272",Recommended,31.596793,130.5571949
Kyushu,Kagoshima,Satsuma Peninsula,https://www.japan-guide.com/e/e4675.html,Rural peninsula with hot springs in southern Kyushu.,3.8,178,Recommended,31.4996295,130.4172
Kyushu,Kagoshima,Tokunoshima,https://www.japan-guide.com/e/e4699.html,Subtropical island south of Amami-Oshima,,5,,27.7775025,128.9580709
Okinawa,,Kerama Islands,https://www.japan-guide.com/e/e7190.html,Small island group with beautiful beaches.,4.5,39,Highly Recommended,26.230173,127.3704054
Okinawa,,Okinawa Island,https://www.japan-guide.com/e/e7101.html,Okinawa Prefecture's main island.,4.5,"2,016",Highly Recommended,26.4748948,127.9114687
Okinawa,,Miyako Island,https://www.japan-guide.com/e/e7300.html,Subtropical island with excellent beaches.,4.4,169,Highly Recommended,24.813957,125.305579
Okinawa,,Kume Island,https://www.japan-guide.com/e/e7175.html,Small island west of Okinawa Honto.,4.0,56,Recommended,26.341139,126.7890529
